isu_cd,kor_cor_nm,chg_dt,tr_stp_rsn
014590,TLC Leisure,2000/01/06,DELISTING (KOSDAQ)
034270,SS PRIME FD,2000/01/11,DELISTING (KOSDAQ)
034280,MA PARKHYEONJOO FD4,2000/01/11,DELISTING (KOSDAQ)
034320,SSLIFEEMERALDFD1,2000/01/11,DELISTING (KOSDAQ)
034290,MA PARKHYEONJOO FD5,2000/01/11,DELISTING (KOSDAQ)
034260,SS DYNAMIC FD,2000/01/11,DELISTING (KOSDAQ)
034580,Platinum1,2000/01/15,DELISTING (Stock)
011890,JEIL ENT,2000/01/18,DELISTING (KOSDAQ)
006000,NAMSONG DEV,2000/01/18,DELISTING (KOSDAQ)
034430,HV SAFETY FD1,2000/01/27,DELISTING (KOSDAQ)
034440,HVSAFETYFD2,2000/01/27,DELISTING (KOSDAQ)
034350,TWINSCHALLENGEFD,2000/01/27,DELISTING (KOSDAQ)
034450,MAEAGLEFD1,2000/01/27,DELISTING (KOSDAQ)
034460,MAEAGLEFD2,2000/01/27,DELISTING (KOSDAQ)
034560,MA EAGLE FD3,2000/01/27,DELISTING (KOSDAQ)
034470,DWMUTJANGBOGOFD1,2000/01/27,DELISTING (KOSDAQ)
008920,SAMCHUNELEC,2000/01/28,DELISTING (KOSDAQ)
004730,JINRO GEN FOOD,2000/01/29,DELISTING (Stock)
005790,MANDO MACH,2000/02/12,DELISTING (Stock)
034650,KYOBOSUCCESSPARTNER,2000/02/24,DELISTING (KOSDAQ)
034770,SEIAssetKoreaM.F,2000/02/25,DELISTING (Stock)
034840,TwinsVisionFund1,2000/03/24,DELISTING (Stock)
034850,Platinum2,2000/03/25,DELISTING (Stock)
034920,HIGHPROSECUINVCO,2000/03/30,DELISTING (KOSDAQ)
034820,MADREAMFD,2000/03/30,DELISTING (KOSDAQ)
000900,KANGWON IND,2000/04/12,DELISTING (Stock)
034990,PrimePlus1,2000/04/17,DELISTING (Stock)
010110,KOR CHEM,2000/04/17,DELISTING (Stock)
034960,MADREAMFD2,2000/04/19,DELISTING (KOSDAQ)
034570,MA EAGLE FD4,2000/04/19,DELISTING (KOSDAQ)
007840,HYEOPHWA,2000/04/28,DELISTING (KOSDAQ)
035040,Platinum3,2000/04/29,DELISTING (Stock)
018550,HANKUK SAFTY GLAS,2000/05/04,DELISTING (Stock)
035050,PLATINUMTARGET,2000/05/12,DELISTING (Stock)
035340,MillePartnerChalleng,2000/05/20,DELISTING (Stock)
035160,PRIMEPLUS2,2000/05/25,DELISTING (KOSDAQ)
007100,HONAM FOOD,2000/05/27,DELISTING (Stock)
007090,DAEDONGMUTSVG&FIN,2000/05/29,DELISTING (KOSDAQ)
022510,DONGHO ELEC,2000/06/07,DELISTING (KOSDAQ)
018720,DONGYANG IND,2000/06/07,DELISTING (KOSDAQ)
022770,KK PRECSN,2000/06/07,DELISTING (KOSDAQ)
007930,DAESHIN PETRO,2000/06/07,DELISTING (KOSDAQ)
027610,DAIRYUNG IND,2000/06/07,DELISTING (KOSDAQ)
013900,DOOWON HEVY IND,2000/06/07,DELISTING (KOSDAQ)
024920,DONGSHIN STL,2000/06/07,DELISTING (KOSDAQ)
017620,LINE CONST,2000/06/07,DELISTING (KOSDAQ)
013850,GYOHA IND,2000/06/07,DELISTING (KOSDAQ)
012010,SAMSAN,2000/06/07,DELISTING (KOSDAQ)
025150,SAMJOO CONST,2000/06/07,DELISTING (KOSDAQ)
011870,LT SAMBO,2000/06/07,DELISTING (KOSDAQ)
005370,WONJIN,2000/06/07,DELISTING (KOSDAQ)
003430,UGIN CHEM,2000/06/07,DELISTING (KOSDAQ)
001850,LIMKWANG ENG & CONS,2000/06/07,DELISTING (KOSDAQ)
010810,JUNGIL ENVR & CLEAN,2000/06/07,DELISTING (KOSDAQ)
013320,SAMKYUNG PRECSN,2000/06/07,DELISTING (KOSDAQ)
014090,SC OPTICOM,2000/06/07,DELISTING (KOSDAQ)
017740,JOOWHA IND,2000/06/07,DELISTING (KOSDAQ)
035320,MAALBATROSSFD2,2000/06/15,DELISTING (KOSDAQ)
035300,MASILKROADFD,2000/06/15,DELISTING (KOSDAQ)
035330,MADREAMFD3,2000/06/15,DELISTING (KOSDAQ)
035590,MIDAS GROWTH FUND1,2000/06/24,DELISTING (Stock)
035310,MASILKROADFD2,2000/06/29,DELISTING (KOSDAQ)
002940,KYUNGDONG IND,2000/06/30,DELISTING (Stock)
000840,HANKOOKBELT,2000/06/30,DELISTING (Stock)
005580,SAMICK CORP,2000/06/30,DELISTING (Stock)
001350,DAIHAN WOOL TEXTL,2000/06/30,DELISTING (Stock)
035470,MADREAMFD4,2000/07/04,DELISTING (KOSDAQ)
006300,TaejonMS&F,2000/07/07,DELISTING (KOSDAQ)
035670,MPC Conver 1,2000/07/19,DELISTING (KOSDAQ)
035680,MPC Growth 2,2000/07/19,DELISTING (KOSDAQ)
034330,INVESTIUMSAPPHIRESW,2000/07/19,DELISTING (KOSDAQ)
034340,INVESTIUMSAPPHIREGR,2000/07/19,DELISTING (KOSDAQ)
035530,PRIMEGROWTH,2000/07/19,DELISTING (KOSDAQ)
035520,SAMSUNGGRANDPRIXCON,2000/07/19,DELISTING (KOSDAQ)
035540,MAPARKHYEONJOODREAM,2000/07/19,DELISTING (KOSDAQ)
035880,MIDAS ASSET ALLOCAT,2000/07/19,DELISTING (KOSDAQ)
035410,PRIMEPLUS3,2000/07/19,DELISTING (KOSDAQ)
026240,DONGNAM LEASE,2000/07/28,DELISTING (KOSDAQ)
035700,PARKHYEONJOODREAMFD,2000/08/01,DELISTING (KOSDAQ)
035790,PARKHYEONJOODREAMFU,2000/08/08,DELISTING (KOSDAQ)
036390,DAISHINBULLFUND1,2000/08/14,DELISTING (Stock)
035940,SEIGROWTH EQ,2000/08/22,DELISTING (KOSDAQ)
035860,PARKHYEONJOO DREAM,2000/08/22,DELISTING (KOSDAQ)
035820,MIRAEASSETCLEANBOND,2000/08/22,DELISTING (KOSDAQ)
036040,MIDASSWITCHFUND1,2000/08/22,DELISTING (KOSDAQ)
036330,REGENT MUTUAL OAA FD,2000/08/22,DELISTING (KOSDAQ)
036430,DIMEMEISTERCONVERTE,2000/08/22,DELISTING (KOSDAQ)
036440,DIMEMEISTERPORTFOLI,2000/08/22,DELISTING (KOSDAQ)
016390,NARA BKG,2000/08/29,DELISTING (Stock)
035970,Kyobo Growth,2000/09/05,DELISTING (KOSDAQ)
035980,KYOBOSPC&CBONDFD,2000/09/05,DELISTING (KOSDAQ)
036310,MIRAEASSETCLEANBOND,2000/09/05,DELISTING (KOSDAQ)
036400,MIDASHITECHGROWTHFD,2000/09/05,DELISTING (KOSDAQ)
005410,SHINKWANG IND,2000/09/09,DELISTING (Stock)
034760,HAWKEYESSECUINVCO,2000/09/19,DELISTING (KOSDAQ)
036300,MIRAEASSETSAAFD1,2000/09/19,DELISTING (KOSDAQ)
011650,LGIC,2000/09/20,DELISTING (Stock)
036650,SILK ASSET2,2000/09/26,DELISTING (KOSDAQ)
036970,Regentgrowth,2000/09/26,DELISTING (KOSDAQ)
036870,CHANGAHNFUND1,2000/09/30,DELISTING (Stock)
036960,YURIE P.I.1,2000/10/04,DELISTING (KOSDAQ)
036950,YURIE M.N.1,2000/10/04,DELISTING (KOSDAQ)
037520,YURIE I.P.1,2000/10/04,DELISTING (KOSDAQ)
037530,YURIE S.A.1,2000/10/04,DELISTING (KOSDAQ)
036780,ALBATROSS 3,2000/10/17,DELISTING (KOSDAQ)
037040,SILK ASSET 3,2000/10/24,DELISTING (KOSDAQ)
038270,KookminOptimumSwitch,2000/11/01,DELISTING (Stock)
037430,REGENTPRO,2000/11/07,DELISTING (KOSDAQ)
037190,EAGLE 5,2000/11/07,DELISTING (KOSDAQ)
037180,ALBATROSS 4,2000/11/07,DELISTING (KOSDAQ)
037670,Globalasset,2000/11/07,DELISTING (KOSDAQ)
037480,PHJ GROWTH 2,2000/11/24,DELISTING (Stock)
038020,Worldgrowth1,2000/11/28,DELISTING (KOSDAQ)
037490,PHJ ASSET 1,2000/11/28,DELISTING (KOSDAQ)
015060,MIJU,2000/11/28,DELISTING (KOSDAQ)
038310,MidasSwitch2,2000/11/28,DELISTING (KOSDAQ)
037360,KTB SWITCH 1,2000/11/28,DELISTING (KOSDAQ)
006160,SHINWHA ENG & CONST,2000/12/12,DELISTING (Stock)
022060,SAMSUNG ITS,2000/12/13,DELISTING (KOSDAQ)
038030,PHJGROWTH5,2000/12/19,DELISTING (KOSDAQ)
037780,PHJGROWTH4,2000/12/19,DELISTING (KOSDAQ)
037770,PHJGROWTH3,2000/12/19,DELISTING (KOSDAQ)
002080,BYUCKSAN DEV,2000/12/22,DELISTING (Stock)
039050,MIDASHITECH2,2001/01/09,DELISTING (KOSDAQ)
038770,GlobalHi1,2001/01/09,DELISTING (KOSDAQ)
038380,CHANG&AHN2,2001/01/09,DELISTING (KOSDAQ)
038480,PHJGROWTH6,2001/01/16,DELISTING (KOSDAQ)
039270,REGENT BICHIT,2001/01/16,DELISTING (KOSDAQ)
014740,KUMHO CHEM,2001/01/16,DELISTING (Stock)
008640,WOOSUNG CONST,2001/01/20,DELISTING (Stock)
039170,GENGHISKHAN1,2001/01/26,DELISTING (KOSDAQ)
039180,DongwonBNP2,2001/01/30,DELISTING (KOSDAQ)
039920,MIDAS HISWI,2001/01/30,DELISTING (KOSDAQ)
039280,YURIEE.S.,2001/01/30,DELISTING (KOSDAQ)
039160,Worldgrowth2,2001/01/30,DELISTING (KOSDAQ)
039520,Platinum2000,2001/02/06,DELISTING (KOSDAQ)
039380,OPT2,2001/02/06,DELISTING (KOSDAQ)
038940,PHJGROWTH7,2001/02/06,DELISTING (KOSDAQ)
038580,MIRAEHIGH1,2001/02/06,DELISTING (KOSDAQ)
040520,MidasHitech3,2001/02/06,DELISTING (KOSDAQ)
038760,KTBSWITCH41,2001/02/06,DELISTING (KOSDAQ)
039720,CJFrontier,2001/02/06,DELISTING (KOSDAQ)
008690,BS Hanyang,2001/02/07,DELISTING (Stock)
024960,YEUNGNAM MERC BKG,2001/02/10,DELISTING (Stock)
008990,CENTRALBKG,2001/02/10,DELISTING (Stock)
012710,H&S Investment Bank,2001/02/10,DELISTING (Stock)
011260,KOREA MERC BK,2001/02/10,DELISTING (Stock)
039210,MIRAEHIGH2,2001/02/20,DELISTING (KOSDAQ)
039220,MIRAEIT1,2001/02/20,DELISTING (KOSDAQ)
040380,SEI FAMILY GRO,2001/02/27,DELISTING (KOSDAQ)
040270,MIRAEHIGH3,2001/02/27,DELISTING (KOSDAQ)
040260,MIRAEIT2,2001/02/27,DELISTING (KOSDAQ)
039540,MIDAS SPECIAL,2001/03/06,DELISTING (KOSDAQ)
040860,MidasKoKo,2001/03/13,DELISTING (KOSDAQ)
040950,MIRAEHIGH4,2001/03/13,DELISTING (KOSDAQ)
040940,MIRAEIT3,2001/03/13,DELISTING (KOSDAQ)
034190,KOSPIDER,2001/03/14,DELISTING (Stock)
011290,KABOOL TEXTILES,2001/03/20,DELISTING (Stock)
009050,ALUM KOR,2001/03/30,DELISTING (Stock)
045090,OPTI GROWTH 1,2001/04/03,DELISTING (KOSDAQ)
042460,SilkGrowth1,2001/04/03,DELISTING (KOSDAQ)
043700,VIKING 1,2001/04/03,DELISTING (KOSDAQ)
043040,Midas 30,2001/04/03,DELISTING (KOSDAQ)
042310,KTBKOSDAQ1,2001/04/03,DELISTING (KOSDAQ)
042300,KTBDREAM1,2001/04/03,DELISTING (KOSDAQ)
015620,HyundaiUlsanMerchant,2001/04/23,DELISTING (Stock)
043350,REGENT KOSDAQ,2001/04/24,DELISTING (KOSDAQ)
043380,PLATINUM 1,2001/04/24,DELISTING (KOSDAQ)
001400,DONGSAN C & G,2001/04/24,DELISTING (Stock)
043400,SilkGrowth2,2001/04/24,DELISTING (KOSDAQ)
014080,NEWMAX,2001/04/26,DELISTING (Stock)
017320,TAEILMEDIA,2001/04/26,DELISTING (Stock)
044410,MiraeAlba1,2001/05/02,DELISTING (KOSDAQ)
044240,SEI PRIME BOND,2001/05/08,DELISTING (KOSDAQ)
044750,DimeB.F.1,2001/05/08,DELISTING (KOSDAQ)
044400,KTB SWITCH 32,2001/05/08,DELISTING (KOSDAQ)
002740,ORIENTAL CHEM,2001/05/18,DELISTING (Stock)
030700,KTM.COM,2001/05/21,DELISTING (KOSDAQ)
003810,DAEWOO,2001/05/23,DELISTING (Stock)
000200,DAEWOO HVYIND,2001/05/23,DELISTING (Stock)
017090,POONGYUN,2001/05/25,DELISTING (KOSDAQ)
033300,BOSUNG INTER,2001/05/25,DELISTING (KOSDAQ)
045080,GREEN ASSET 1,2001/05/29,DELISTING (KOSDAQ)
044890,Hanarum1,2001/06/05,DELISTING (KOSDAQ)
000280,DONGAH CONST,2001/06/07,DELISTING (Stock)
045860,SILK GROWTH 3,2001/06/12,DELISTING (KOSDAQ)
045800,KTBDOUBLE1,2001/06/19,DELISTING (KOSDAQ)
045790,SEI PB BALANCE,2001/06/19,DELISTING (KOSDAQ)
044740,PLATINUM2,2001/06/19,DELISTING (KOSDAQ)
045870,CLEAN 3,2001/06/19,DELISTING (KOSDAQ)
046520,YURIE NEW ES,2001/06/19,DELISTING (KOSDAQ)
046820,HANARUM 2,2001/07/03,DELISTING (KOSDAQ)
022870,WOORI-CREDITCARD,2001/07/07,DELISTING (KOSDAQ)
017120,BAROQUE FURN,2001/07/10,DELISTING (Stock)
047890,MIRAE STOCK 1,2001/07/10,DELISTING (KOSDAQ)
015650,RegentMercBk,2001/07/16,DELISTING (Stock)
030710,Dongamutsvg&fin,2001/07/28,DELISTING (Stock)
035930,SEI BOND F,2001/08/07,DELISTING (KOSDAQ)
048660,MIDASARBITRA,2001/08/14,DELISTING (KOSDAQ)
025080,Hana F&I,2001/08/24,DELISTING (KOSDAQ)
015580,SHINHAN BANK,2001/09/10,DELISTING (Stock)
003320,SHINHAN SECU,2001/09/10,DELISTING (Stock)
049990,SEIPLUS,2001/09/11,DELISTING (KOSDAQ)
023780,SH CAPITAL,2001/09/13,DELISTING (KOSDAQ)
015880,TAEHWA SHOPPING,2001/09/22,DELISTING (Stock)
007420,HAEDONG SVG & FIN,2001/10/13,DELISTING (Stock)
049850,CLEAN4,2001/10/16,DELISTING (KOSDAQ)
050350,DIME1,2001/10/30,DELISTING (KOSDAQ)
027460,HOUSING & COMCL BK,2001/11/09,DELISTING (Stock)
023130,KOOKMIN BK,2001/11/09,DELISTING (Stock)
000310,HAITAI CONF,2001/11/10,DELISTING (Stock)
051070,SEIPLUSBALANCEDFUND,2001/11/19,DELISTING (KOSDAQ)
015150,DASAN,2001/11/21,DELISTING (KOSDAQ)
002130,PEERES COSM,2001/12/05,DELISTING (Stock)
011450,SONGWONCOLOR,2001/12/05,DELISTING (Stock)
008980,TONGYANG INVEST,2001/12/20,DELISTING (Stock)
004290,IK ENTERPRISES,2002/01/18,DELISTING (Stock)
001690,Doosan Techpack,2002/01/18,DELISTING (Stock)
025840,LADY,2002/01/23,DELISTING (Stock)
051960,DYMECBBF2,2002/01/23,DELISTING (KOSDAQ)
008530,ILEUN SECU,2002/02/20,DELISTING (Stock)
039500,MINE,2002/03/15,DELISTING (KOSDAQ)
052530,YURIE SAFE SWITCH E,2002/03/28,DELISTING (KOSDAQ)
002180,SAMICK CO,2002/03/29,DELISTING (Stock)
012260,EZCOM,2002/04/03,DELISTING (Stock)
004460,KOHAP,2002/04/12,DELISTING (Stock)
004390,ORION ELEC,2002/04/13,DELISTING (Stock)
007410,DAEWOO ELEC,2002/04/13,DELISTING (Stock)
033070,SH CONTROLS,2002/04/18,DELISTING (KOSDAQ)
001920,HANBO IRON & STL,2002/04/19,DELISTING (Stock)
016550,HB TEL,2002/04/19,DELISTING (Stock)
008480,POSNIC,2002/04/19,DELISTING (Stock)
003110,DAEIL CHEM,2002/04/19,DELISTING (Stock)
005060,DAEWOO TELECOM,2002/04/19,DELISTING (Stock)
013630,HUMANINNOTEK,2002/04/20,DELISTING (KOSDAQ)
011510,CHONGGU,2002/04/20,DELISTING (Stock)
002470,DONGSUNG,2002/04/20,DELISTING (Stock)
002580,SAMMI CORP,2002/04/20,DELISTING (Stock)
008440,INEX,2002/04/23,DELISTING (Stock)
053530,MIDAS ARBITRAGE BAL,2002/04/23,DELISTING (KOSDAQ)
006290,"SK INCHEON OIL Co.,L",2002/04/23,DELISTING (Stock)
052520,SEI ACE BALANCED FU,2002/04/23,DELISTING (KOSDAQ)
012670,HWANYOUNG STL,2002/04/27,DELISTING (Stock)
013090,ETRONICS,2002/04/27,DELISTING (Stock)
000030,Woori Bank,2002/04/27,DELISTING (Stock)
018360,MEDISON,2002/04/27,DELISTING (Stock)
004420,TONGKOOK CORP,2002/04/27,DELISTING (Stock)
001110,DAENONG,2002/04/27,DELISTING (Stock)
004110,DAESUN DISTG,2002/04/27,DELISTING (Stock)
003260,SUKWANG,2002/04/30,DELISTING (Stock)
027560,DEMING,2002/05/03,DELISTING (KOSDAQ)
035030,PIONEER,2002/05/18,DELISTING (KOSDAQ)
018570,SUNJINMTL,2002/05/21,DELISTING (Stock)
066030,MIRAE ASSET PB FUND2,2002/05/21,DELISTING (KOSDAQ)
044570,HANB ELEC & TELE,2002/06/07,DELISTING (KOSDAQ)
034300,Shinsegae E&C,2002/06/17,DELISTING (KOSDAQ)
058910,YURI SAFE LONG SHOR,2002/07/03,DELISTING (KOSDAQ)
037740,DIGITEL,2002/07/08,DELISTING (KOSDAQ)
021930,KN LEASE,2002/07/19,DELISTING (KOSDAQ)
022780,OPTIONAL V,2002/07/31,DELISTING (KOSDAQ)
001030,REGENT INS,2002/08/10,DELISTING (Stock)
063680,MIRAE ASSET PREMIER,2002/08/19,DELISTING (KOSDAQ)
060580,MIDASAF,2002/09/14,DELISTING (KOSDAQ)
013250,DAEYANGMUTSVG&F,2002/10/04,DELISTING (Stock)
020490,ICCHEM,2002/10/11,DELISTING (KOSDAQ)
024080,KARIS SOFT,2002/10/17,DELISTING (KOSDAQ)
040780,UNICNT,2002/10/18,DELISTING (KOSDAQ)
009330,SAMAEINDUS,2002/10/22,DELISTING (Stock)
021740,STIC,2002/10/24,DELISTING (KOSDAQ)
017210,KONICS,2002/11/14,DELISTING (KOSDAQ)
042470,SIMS VALLEY,2002/11/16,DELISTING (KOSDAQ)
033040,SELIM I TECH,2002/11/26,DELISTING (KOSDAQ)
064910,GOLBAL POWER,2002/11/27,DELISTING (KOSDAQ)
049790,SOFTWIN,2002/11/28,DELISTING (KOSDAQ)
014040,GPS,2002/11/29,DELISTING (Stock)
007360,HANA BK,2002/12/13,DELISTING (Stock)
030970,HCBLEASE,2002/12/21,DELISTING (KOSDAQ)
038370,KTBVENTURE1,2003/01/10,DELISTING (KOSDAQ)
038280,PIONEER V & K,2003/01/10,DELISTING (KOSDAQ)
051990,YURIE CREDIT BOND B,2003/01/21,DELISTING (KOSDAQ)
038520,FINESUNTRONIX,2003/03/07,DELISTING (KOSDAQ)
002610,LGEI,2003/03/11,DELISTING (Stock)
037280,SYSCOM,2003/03/29,DELISTING (KOSDAQ)
060840,TAEYONG TELSTAR,2003/04/02,DELISTING (KOSDAQ)
045240,NEW C & C,2003/04/04,DELISTING (KOSDAQ)
027890,STANDARDTELE,2003/04/05,DELISTING (KOSDAQ)
039370,KTBVENTURE2,2003/04/05,DELISTING (KOSDAQ)
020860,LITTAUER TC,2003/04/11,DELISTING (KOSDAQ)
034970,ALLEVER,2003/04/15,DELISTING (KOSDAQ)
053960,AEL,2003/04/15,DELISTING (KOSDAQ)
009840,KABOOL,2003/04/16,DELISTING (Stock)
006610,KYONGNAM BK,2003/04/16,DELISTING (Stock)
010330,LAMY COSM,2003/04/16,DELISTING (Stock)
037410,KOREA LINK,2003/04/16,DELISTING (KOSDAQ)
005770,KWANGJU BANK,2003/04/16,DELISTING (Stock)
005560,JS Cable,2003/04/24,DELISTING (Stock)
040750,VELOCEPIANO,2003/04/24,DELISTING (KOSDAQ)
032780,TERRA,2003/04/25,DELISTING (KOSDAQ)
034980,ERONTECH,2003/04/30,DELISTING (KOSDAQ)
067410,MDAFIII,2003/05/08,DELISTING (KOSDAQ)
002050,KYONGHYANG CONST,2003/05/10,DELISTING (Stock)
011840,KEMONGSA PUBLISHING,2003/05/16,DELISTING (Stock)
045550,YuriFrontier,2003/05/23,DELISTING (KOSDAQ)
045070,Pioneer2,2003/05/23,DELISTING (KOSDAQ)
045280,MIDAS GRONINC,2003/06/11,DELISTING (KOSDAQ)
037200,DASAN C & I,2003/06/19,DELISTING (KOSDAQ)
046930,TIME,2003/07/04,DELISTING (KOSDAQ)
005890,DONGWON SECU,2003/07/21,DELISTING (Stock)
035430,DREAMLINE CO,2003/09/19,DELISTING (KOSDAQ)
003980,HANIL SYNTH FIBR,2003/09/24,DELISTING (Stock)
009790,HUNIX,2003/10/02,DELISTING (Stock)
001150,STC,2003/10/02,DELISTING (Stock)
012720,LIG E&C,2003/10/02,DELISTING (Stock)
031150,KOOKMIN CREDIT CARD,2003/10/10,DELISTING (KOSDAQ)
032150,EUTTEUM.S.BK,2003/10/15,DELISTING (KOSDAQ)
000980,KUKDONG ENG & CONST,2003/10/15,DELISTING (Stock)
045920,HWARIM MODE,2003/10/17,DELISTING (KOSDAQ)
012270,DONGSHIN,2003/10/23,DELISTING (Stock)
032600,AD MOBILE,2003/10/30,DELISTING (KOSDAQ)
010510,ILJIN,2003/11/05,DELISTING (Stock)
008780,I INFRA,2003/11/08,DELISTING (KOSDAQ)
018020,STARLEASE,2003/11/18,DELISTING (Stock)
021090,CHEMI GLASS,2003/12/20,DELISTING (KOSDAQ)
008750,BUMYANG FOOD,2003/12/27,DELISTING (Stock)
067700,MIRAEASSET ORIENTAL,2004/01/05,DELISTING (KOSDAQ)
018590,KNC,2004/01/24,DELISTING (Stock)
022610,HANYIL,2004/02/07,DELISTING (KOSDAQ)
019930,KIRA INFO & COMM,2004/02/12,DELISTING (Stock)
052540,SelectivPlus,2004/03/08,DELISTING (KOSDAQ)
003900,HAITAI DAIRY,2004/03/11,DELISTING (Stock)
038400,KOREAEXCHANGEBANKCRE,2004/03/16,DELISTING (Stock)
037600,CMOS,2004/03/24,DELISTING (KOSDAQ)
056140,LEADER COMM,2004/03/30,DELISTING (KOSDAQ)
004190,SMARTEL,2004/03/31,DELISTING (Stock)
033210,SAMWHA ENG,2004/03/31,DELISTING (KOSDAQ)
040130,NPLEX,2004/04/03,DELISTING (KOSDAQ)
054530,SHINHAN SIT,2004/04/03,DELISTING (KOSDAQ)
053200,DEESYS,2004/04/03,DELISTING (KOSDAQ)
055000,DSIT,2004/04/03,DELISTING (KOSDAQ)
039580,PIC OSOFT,2004/04/07,DELISTING (KOSDAQ)
031970,M BY N,2004/04/07,DELISTING (KOSDAQ)
035960,BIOSYS,2004/04/07,DELISTING (KOSDAQ)
047610,WORLDTELECOM,2004/04/08,DELISTING (KOSDAQ)
037010,NETCOM STOR,2004/04/08,DELISTING (KOSDAQ)
036720,HANBITNET,2004/04/08,DELISTING (KOSDAQ)
039390,WILLTECH,2004/04/09,DELISTING (KOSDAQ)
039000,ST,2004/04/13,DELISTING (KOSDAQ)
037750,NSER,2004/04/13,DELISTING (KOSDAQ)
027440,COREA,2004/04/14,DELISTING (KOSDAQ)
038050,TRAFFIC ITS,2004/04/22,DELISTING (KOSDAQ)
037730,3R,2004/04/22,DELISTING (KOSDAQ)
010150,HANKOOKCORE,2004/04/23,DELISTING (Stock)
002850,YOUNGPOONG MNG & CO,2004/04/23,DELISTING (Stock)
010090,E-MART EVERYDAY,2004/04/24,DELISTING (Stock)
004510,DY HOLDINGS,2004/04/28,DELISTING (Stock)
048150,MODOTTEL,2004/04/29,DELISTING (KOSDAQ)
032390,KTF,2004/04/29,DELISTING (KOSDAQ)
002930,SAMDO CORP,2004/05/08,DELISTING (Stock)
002950,DOOSAN CONST & ENG,2004/05/10,DELISTING (Stock)
037250,DMC,2004/05/11,DELISTING (KOSDAQ)
001980,DAEHO,2004/05/22,DELISTING (Stock)
003020,NAMYANG,2004/05/28,DELISTING (Stock)
036910,SEWON TELECOM,2004/06/01,DELISTING (KOSDAQ)
035870,HOSUNG,2004/06/12,DELISTING (KOSDAQ)
027700,DB SHOPPING,2004/06/18,DELISTING (KOSDAQ)
001280,WOORI SECURITIES,2004/06/24,DELISTING (Stock)
003930,BOOHUNG,2004/06/29,DELISTING (Stock)
000010,SHINHAN  BK,2004/07/02,DELISTING (Stock)
012760,DONGA PRECSN MACH,2004/07/16,DELISTING (Stock)
003590,KWANGDUKMOOLSAN,2004/07/21,DELISTING (Stock)
010730,KUMKANG TRDG,2004/07/22,DELISTING (Stock)
027350,TELSON,2004/08/10,DELISTING (KOSDAQ)
046000,MODIA,2004/08/11,DELISTING (KOSDAQ)
047060,DNPS,2004/08/14,DELISTING (KOSDAQ)
048540,HYCOM,2004/08/18,DELISTING (KOSDAQ)
001590,ILHWA WOOL TEXTL,2004/09/02,DELISTING (Stock)
036060,Hankang Fund,2004/10/01,DELISTING (Stock)
025450,HANMAUM M S BK,2004/10/07,DELISTING (KOSDAQ)
043690,TECH MATE,2004/10/16,DELISTING (KOSDAQ)
010200,KEUKDONG TANG,2004/10/18,DELISTING (Stock)
037120,HAHNSHIN CORP,2004/10/21,DELISTING (KOSDAQ)
000380,DAEA E & C,2004/10/21,DELISTING (KOSDAQ)
001490,CHUNJI,2004/10/22,DELISTING (Stock)
001890,YOUNGCHANG,2004/10/26,DELISTING (Stock)
026970,DEBEC S.BANK,2004/11/05,DELISTING (KOSDAQ)
043790,AUCTION,2004/12/06,DELISTING (KOSDAQ)
033020,SMP,2004/12/20,DELISTING (KOSDAQ)
003050,NEXANS KOREA,2004/12/22,DELISTING (Stock)
007830,PUSAN S.BK,2004/12/31,DELISTING (KOSDAQ)
008670,SHS,2005/01/05,DELISTING (Stock)
005600,CHOONGANG PAPR MFG,2005/01/06,DELISTING (Stock)
035780,GROWELL TELECOM,2005/01/11,DELISTING (KOSDAQ)
035910,HMCC,2005/01/19,DELISTING (KOSDAQ)
009220,GWE,2005/01/19,DELISTING (KOSDAQ)
037640,GS ENTEC,2005/01/24,DELISTING (KOSDAQ)
007910,SEWONCHEM,2005/02/24,DELISTING (Stock)
037500,GOODLIFE5,2005/02/24,DELISTING (KOSDAQ)
025690,DB LITECH,2005/03/12,DELISTING (KOSDAQ)
054080,WOO JU,2005/03/30,DELISTING (KOSDAQ)
004660,SDBCP,2005/03/30,DELISTING (Stock)
036880,MAC SYSTEM,2005/03/31,DELISTING (KOSDAQ)
053250,NSI,2005/04/02,DELISTING (KOSDAQ)
036600,GENIEWORKS,2005/04/02,DELISTING (KOSDAQ)
036020,HANA SYSTEMS,2005/04/02,DELISTING (KOSDAQ)
056500,SUMA,2005/04/05,DELISTING (KOSDAQ)
037650,SUNG JIN,2005/04/05,DELISTING (KOSDAQ)
018180,TELSONI & C,2005/04/07,DELISTING (KOSDAQ)
006150,HANME NS,2005/04/08,DELISTING (Stock)
038100,IMIT,2005/04/08,DELISTING (KOSDAQ)
037220,NEXTEL,2005/04/09,DELISTING (KOSDAQ)
054370,UP FEEL,2005/04/12,DELISTING (KOSDAQ)
042960,CHANGMIN TECH,2005/04/13,DELISTING (KOSDAQ)
006750,Century,2005/04/14,DELISTING (Stock)
012250,CHEFLINE,2005/04/15,DELISTING (Stock)
009360,BENEDES HI-TECH,2005/04/15,DELISTING (Stock)
036590,KNT,2005/04/16,DELISTING (KOSDAQ)
009760,Computer Holidings,2005/04/19,DELISTING (Stock)
049130,HAURI,2005/04/20,DELISTING (KOSDAQ)
036820,BET,2005/04/21,DELISTING (KOSDAQ)
032610,SOK CO LTD,2005/04/21,DELISTING (KOSDAQ)
009890,MAXONTELECOM,2005/04/21,DELISTING (Stock)
000110,SCBank,2005/04/22,DELISTING (Stock)
036900,Techsan I&C,2005/04/23,DELISTING (KOSDAQ)
032050,HIN,2005/04/26,DELISTING (KOSDAQ)
044440,SOLVIT MEDIA,2005/04/26,DELISTING (KOSDAQ)
008120,MOTOR JOY,2005/04/28,DELISTING (Stock)
009940,DAEA LEAD WIRE,2005/04/28,DELISTING (Stock)
001670,KYUNGNAM WOOL TEXTL,2005/04/28,DELISTING (Stock)
030950,POCHINCHAI,2005/04/30,DELISTING (KOSDAQ)
046810,KEPS,2005/04/30,DELISTING (KOSDAQ)
002480,PUMYANG,2005/05/04,DELISTING (KOSDAQ)
033220,NS ALUMINUM,2005/05/04,DELISTING (KOSDAQ)
038960,HYUNJU COMPUTER,2005/05/11,DELISTING (KOSDAQ)
032180,ISU CERAMICS,2005/05/25,DELISTING (KOSDAQ)
008030,iTEXFIL,2005/06/02,DELISTING (KOSDAQ)
042950,MIRAE KOREA 1,2005/06/04,DELISTING (KOSDAQ)
008270,KDB CAPITAL,2005/06/16,DELISTING (Stock)
006250,KUKDONG ELEC WIRE,2005/07/18,DELISTING (Stock)
001580,SHINKWANG ENT,2005/08/05,DELISTING (Stock)
055810,KTC TELECOM,2005/08/13,DELISTING (KOSDAQ)
009080,Pacificglas,2005/08/17,DELISTING (Stock)
038980,EASYCLUB,2005/09/10,DELISTING (KOSDAQ)
070540,KOCREF II,2005/09/15,DELISTING (Stock)
021570,ALUKO,2005/10/13,DELISTING (KOSDAQ)
057110,ITCENNETWORKS,2005/10/22,DELISTING (KOSDAQ)
039870,PKL,2005/11/09,DELISTING (KOSDAQ)
002860,Hana Bank,2005/12/12,DELISTING (Stock)
019560,KIP,2005/12/24,DELISTING (KOSDAQ)
014010,INTERPIONSEMI,2005/12/28,DELISTING (Stock)
023420,YUJIN D & C,2005/12/31,DELISTING (KOSDAQ)
056060,CENICON,2006/04/08,DELISTING (KOSDAQ)
039110,SPCT,2006/04/15,DELISTING (KOSDAQ)
049370,CJ Ent.,2006/04/20,DELISTING (KOSDAQ)
066480,FITTON,2006/04/25,DELISTING (KOSDAQ)
041500,DAEHAN BIO LINK,2006/04/25,DELISTING (KOSDAQ)
016970,CECROP,2006/07/13,DELISTING (Stock)
047420,LKNC,2006/07/13,DELISTING (KOSDAQ)
063510,KOLON INTERNATIONAL,2006/07/21,DELISTING (Stock)
048760,VK,2006/07/22,DELISTING (KOSDAQ)
003330,Hana IB,2006/10/26,DELISTING (Stock)
003040,HANIL PHARM,2006/11/21,DELISTING (Stock)
006600,DONGSHIN PHARM,2006/11/22,DELISTING (Stock)
064900,KYOBO-MERITZ FIRST,2006/12/28,DELISTING (Stock)
085450,Good&Rich auction1,2007/01/26,DELISTING (Stock)
037060,SecureSoft,2007/04/04,DELISTING (KOSDAQ)
054250,YEIL BIOTECH,2007/04/11,DELISTING (KOSDAQ)
054440,MtekSemi,2007/04/13,DELISTING (KOSDAQ)
054790,JMP,2007/04/24,DELISTING (KOSDAQ)
025830,HANKOOK SYNTH,2007/04/25,DELISTING (Stock)
025930,PANTECH P.M.I,2007/04/25,DELISTING (Stock)
063350,Pantech&Curitel,2007/04/25,DELISTING (Stock)
014900,TRIGEM,2007/04/25,DELISTING (Stock)
045310,E-RAE,2007/05/08,DELISTING (KOSDAQ)
067910,KocrefCR-REIT1,2007/05/10,DELISTING (Stock)
001830,DONGBUELECTRONICS,2007/05/21,DELISTING (Stock)
011020,KOLON CHEM,2007/06/15,DELISTING (Stock)
005330,KASCO,2007/06/20,DELISTING (Stock)
038420,C&C ENTER,2007/08/29,DELISTING (KOSDAQ)
015670,APSTelecom,2007/09/12,DELISTING (Stock)
032710,Shinhan Card,2007/10/10,DELISTING (Stock)
012990,LG PETROCHEM,2007/11/15,DELISTING (Stock)
012460,Wooyoung,2008/03/13,DELISTING (KOSDAQ)
058680,OBZEE,2008/04/10,DELISTING (KOSDAQ)
042570,FutureVision,2008/04/12,DELISTING (KOSDAQ)
032590,nTorino,2008/04/12,DELISTING (KOSDAQ)
066330,Security KOR,2008/04/12,DELISTING (KOSDAQ)
064720,ModelLine,2008/04/12,DELISTING (KOSDAQ)
065810,UCICOLS,2008/04/17,DELISTING (KOSDAQ)
072450,REALTY KOREA CR REIT,2008/04/18,DELISTING (Stock)
004530,SY,2008/04/22,DELISTING (Stock)
041940,Hantel,2008/04/23,DELISTING (KOSDAQ)
057330,Planet82,2008/04/23,DELISTING (KOSDAQ)
035270,CHUNG LAM,2008/04/23,DELISTING (KOSDAQ)
033330,DOORIMT&C,2008/05/03,DELISTING (KOSDAQ)
055970,ENERWIN,2008/05/03,DELISTING (KOSDAQ)
044370,Joytoto,2008/05/03,DELISTING (KOSDAQ)
060660,HANDO HITECH,2008/05/03,DELISTING (KOSDAQ)
045760,KTDATA,2008/06/13,DELISTING (KOSDAQ)
034750,DONGJAKCOM,2008/07/12,DELISTING (KOSDAQ)
073470,UresMeritz,2008/08/04,DELISTING (Stock)
073530,KOCREF CR-REITIII,2008/08/08,DELISTING (Stock)
003660,KOREA CEMENT,2008/08/20,DELISTING (Stock)
060410,BestFlow,2008/08/25,DELISTING (KOSDAQ)
088510,Good&Rich auction2,2008/08/25,DELISTING (Stock)
050600,SERAON,2008/09/09,DELISTING (KOSDAQ)
060000,KOOKMIN BANK,2008/10/10,DELISTING (Stock)
089170,Dongbuka27,2008/11/05,DELISTING (Stock)
089200,Dongbuka30,2008/11/05,DELISTING (Stock)
089190,Dongbuka29,2008/11/05,DELISTING (Stock)
089180,Dongbuka28,2008/11/05,DELISTING (Stock)
083160,HYUNDAI AUCTION FUND,2008/12/08,DELISTING (Stock)
039060,IBXENE,2008/12/20,DELISTING (KOSDAQ)
072430,IREVO,2009/02/03,DELISTING (KOSDAQ)
007640,HK.S.BANK,2009/02/03,DELISTING (KOSDAQ)
005760,Winners Infraline,2009/02/19,DELISTING (Stock)
093730,Dongbuka 31,2009/03/13,DELISTING (Stock)
078610,DOM,2009/04/11,DELISTING (KOSDAQ)
053890,MEDIAcorp,2009/04/11,DELISTING (KOSDAQ)
079870,SANYANG,2009/04/11,DELISTING (KOSDAQ)
016040,DSP,2009/04/11,DELISTING (KOSDAQ)
060550,WOOSUCNS,2009/04/11,DELISTING (KOSDAQ)
038810,POIBOS,2009/04/11,DELISTING (KOSDAQ)
047370,FIT,2009/04/11,DELISTING (KOSDAQ)
066200,InnoBlue,2009/04/11,DELISTING (KOSDAQ)
073780,K-D'seco,2009/04/11,DELISTING (KOSDAQ)
103160,PMO Foods,2009/04/13,DELISTING (Stock)
007050,Yurie ES,2009/04/15,DELISTING (Stock)
065910,PWGenetics,2009/04/18,DELISTING (KOSDAQ)
016890,DWB,2009/04/20,DELISTING (KOSDAQ)
076170,GBS,2009/04/22,DELISTING (Stock)
052310,H1BIO,2009/04/23,DELISTING (KOSDAQ)
036760,KNS HOLDINGS,2009/04/23,DELISTING (KOSDAQ)
041310,Mobilink,2009/04/23,DELISTING (KOSDAQ)
038410,TRICOM,2009/04/23,DELISTING (KOSDAQ)
019640,HEEHOON D&G,2009/04/23,DELISTING (KOSDAQ)
036280,Newchemgene,2009/04/24,DELISTING (KOSDAQ)
001190,MICRO,2009/04/27,DELISTING (Stock)
026230,IDH,2009/04/29,DELISTING (KOSDAQ)
036360,3SOFT,2009/04/29,DELISTING (KOSDAQ)
080570,ICC,2009/04/29,DELISTING (KOSDAQ)
071360,NHE,2009/04/29,DELISTING (KOSDAQ)
077960,K-eng,2009/04/29,DELISTING (KOSDAQ)
056020,CUL 2,2009/04/29,DELISTING (KOSDAQ)
025460,FANTOMENT,2009/04/29,DELISTING (KOSDAQ)
081500,XCE,2009/04/29,DELISTING (KOSDAQ)
003990,BHK,2009/04/30,DELISTING (Stock)
053170,Cosmos PLC,2009/04/30,DELISTING (KOSDAQ)
004230,SESHIN,2009/04/30,DELISTING (Stock)
048270,FONET,2009/05/04,DELISTING (KOSDAQ)
008400,C&HEAVY INDUSTRIES,2009/05/13,DELISTING (Stock)
006070,KIRIN,2009/05/13,DELISTING (Stock)
000790,C&MERCHANT MARINE,2009/05/13,DELISTING (Stock)
013200,C&WOOBANG,2009/05/13,DELISTING (Stock)
001970,SGSHINSUNG,2009/05/13,DELISTING (Stock)
009690,KMH,2009/05/13,DELISTING (Stock)
033720,Blue Stone,2009/05/15,DELISTING (KOSDAQ)
036790,ZK,2009/05/15,DELISTING (KOSDAQ)
040020,SARACOM,2009/05/27,DELISTING (KOSDAQ)
059720,YAHOH COM,2009/05/27,DELISTING (KOSDAQ)
038920,GENF,2009/05/29,DELISTING (KOSDAQ)
053070,Trinity,2009/06/03,DELISTING (KOSDAQ)
039990,Core Info,2009/06/10,DELISTING (KOSDAQ)
036610,gdcorp,2009/06/17,DELISTING (KOSDAQ)
036270,Hecenat,2009/06/17,DELISTING (KOSDAQ)
032390,KTF,2009/06/23,DELISTING (Stock)
079340,HILUX,2009/06/24,DELISTING (KOSDAQ)
052560,Samsung Fisheries,2009/07/01,DELISTING (KOSDAQ)
031800,ST&I,2009/07/01,DELISTING (KOSDAQ)
063280,Cyberpass,2009/07/08,DELISTING (KOSDAQ)
006210,HULIF,2009/07/15,DELISTING (Stock)
042100,HYUNDAI AUTONET,2009/07/16,DELISTING (Stock)
016990,LGM,2009/07/16,DELISTING (KOSDAQ)
038830,KMS,2009/08/08,DELISTING (KOSDAQ)
001370,FNCKOLON,2009/08/17,DELISTING (Stock)
035950,KR,2009/08/21,DELISTING (KOSDAQ)
044070,HANSEO PHARM,2009/08/25,DELISTING (KOSDAQ)
046320,MTRON,2009/08/28,DELISTING (KOSDAQ)
035500,SunnyTrends,2009/09/04,DELISTING (KOSDAQ)
033880,Bluemum,2009/09/04,DELISTING (KOSDAQ)
054650,NewGen BIT,2009/09/04,DELISTING (KOSDAQ)
058550,NEO RESOURCE,2009/09/15,DELISTING (KOSDAQ)
032570,CARAVAN KDE,2009/09/18,DELISTING (KOSDAQ)
073710,CDNetworks,2009/09/23,DELISTING (KOSDAQ)
066850,IDREAM,2009/10/07,DELISTING (KOSDAQ)
044770,AMS,2009/10/07,DELISTING (KOSDAQ)
052640,GENESIS,2009/10/07,DELISTING (KOSDAQ)
076850,MCO CR,2009/10/09,DELISTING (Stock)
092970,Turtle01,2009/10/16,DELISTING (Stock)
035010,Soyea,2009/11/03,DELISTING (KOSDAQ)
051530,GOOD EMG,2009/11/03,DELISTING (KOSDAQ)
014420,PROVITA,2009/11/06,DELISTING (KOSDAQ)
036660,Plus Profit,2009/11/20,DELISTING (KOSDAQ)
085680,Mobiletop,2009/11/25,DELISTING (KOSDAQ)
045380,DuzonDigital,2009/12/09,DELISTING (KOSDAQ)
062730,KENERTEC,2009/12/23,DELISTING (KOSDAQ)
045820,LG Powercom,2010/01/15,DELISTING (Stock)
015940,LG Dacom,2010/01/15,DELISTING (Stock)
000610,FST F & M INS,2010/01/20,DELISTING (Stock)
083120,DONGBUKA 9,2010/01/20,DELISTING (Stock)
037510,GOODLIFE10,2010/01/26,DELISTING (KOSDAQ)
047940,BND,2010/01/29,DELISTING (KOSDAQ)
080140,DIBOSS,2010/02/02,DELISTING (KOSDAQ)
037830,Glopost,2010/02/09,DELISTING (KOSDAQ)
045400,EROM Tech,2010/02/11,DELISTING (KOSDAQ)
031960,Dongsan,2010/02/20,DELISTING (KOSDAQ)
067950,TEC,2010/02/20,DELISTING (KOSDAQ)
078700,SINJISOFT,2010/02/27,DELISTING (KOSDAQ)
056850,COREBIT,2010/03/09,DELISTING (KOSDAQ)
041800,KODICOM,2010/03/09,DELISTING (KOSDAQ)
015050,Visionhightech,2010/03/09,DELISTING (KOSDAQ)
008320,KoTl,2010/03/11,DELISTING (Stock)
017010,Xana-BiomiX,2010/03/26,DELISTING (KOSDAQ)
084810,IRD,2010/04/01,DELISTING (KOSDAQ)
054020,GK POWER,2010/04/03,DELISTING (KOSDAQ)
017050,Starmax,2010/04/05,DELISTING (KOSDAQ)
045880,UTX,2010/04/10,DELISTING (KOSDAQ)
008340,DAEJOOKORES,2010/04/13,DELISTING (KOSDAQ)
051810,MOBO,2010/04/13,DELISTING (KOSDAQ)
079560,MOGEM,2010/04/13,DELISTING (KOSDAQ)
064060,Cynogen,2010/04/13,DELISTING (KOSDAQ)
060670,UPERT,2010/04/13,DELISTING (KOSDAQ)
032030,1001OPTICAL,2010/04/13,DELISTING (KOSDAQ)
015170,CHOONGANGBIO,2010/04/13,DELISTING (KOSDAQ)
046350,EduArk,2010/04/13,DELISTING (KOSDAQ)
108070,SAMSUNG DIGITAL,2010/04/14,DELISTING (Stock)
065340,3D world,2010/04/15,DELISTING (KOSDAQ)
001600,SEOKWANG CONST,2010/04/15,DELISTING (Stock)
034660,GENEXEL,2010/04/15,DELISTING (KOSDAQ)
004820,JOIN ENERGY,2010/04/15,DELISTING (Stock)
017300,HBE ENERGY,2010/04/15,DELISTING (Stock)
038690,ACE ELEC,2010/04/17,DELISTING (KOSDAQ)
033260,SSAMZIE,2010/04/17,DELISTING (KOSDAQ)
048130,SP CORP,2010/04/20,DELISTING (KOSDAQ)
053440,SUNGWOO MOLD,2010/04/21,DELISTING (KOSDAQ)
012420,MeritzIB,2010/04/21,DELISTING (Stock)
033190,Polchem,2010/04/23,DELISTING (KOSDAQ)
045290,For Nature,2010/04/23,DELISTING (KOSDAQ)
076090,TAKE SYSTEMS,2010/04/23,DELISTING (KOSDAQ)
002540,KOJE,2010/04/23,DELISTING (Stock)
035710,CL,2010/05/01,DELISTING (KOSDAQ)
037110,JS,2010/05/01,DELISTING (KOSDAQ)
078670,ARGUS,2010/05/01,DELISTING (KOSDAQ)
020070,EVERRES,2010/05/01,DELISTING (KOSDAQ)
012090,SUNGWON CORPORATION,2010/05/03,DELISTING (Stock)
024870,Yoo Sung TSI,2010/05/03,DELISTING (Stock)
069470,ZeroOne Interactive,2010/05/03,DELISTING (Stock)
041030,Iroonet,2010/05/05,DELISTING (KOSDAQ)
065410,GENTECH HOLDINGS,2010/05/05,DELISTING (KOSDAQ)
053470,Opes,2010/05/08,DELISTING (KOSDAQ)
085990,Dan Sung Electron,2010/05/08,DELISTING (KOSDAQ)
041320,Bohong,2010/05/08,DELISTING (KOSDAQ)
030390,SOLAR & TECH,2010/05/08,DELISTING (KOSDAQ)
074140,XROAD,2010/05/08,DELISTING (KOSDAQ)
057100,HST,2010/05/08,DELISTING (KOSDAQ)
041630,INZEN,2010/05/08,DELISTING (KOSDAQ)
058480,HAE WON S.T,2010/05/08,DELISTING (KOSDAQ)
018410,HYUNDAE MTL,2010/05/13,DELISTING (Stock)
007490,TAECHANG ENT,2010/05/13,DELISTING (Stock)
067850,BYNAMIC,2010/05/19,DELISTING (KOSDAQ)
011400,AJIN CARINTECH,2010/05/20,DELISTING (Stock)
023670,REN,2010/06/17,DELISTING (KOSDAQ)
068770,SUNWOO H I,2010/06/17,DELISTING (KOSDAQ)
066930,SD,2010/06/29,DELISTING (KOSDAQ)
066300,SHINE SYSTEM,2010/06/29,DELISTING (KOSDAQ)
084240,Dongbuka15,2010/07/13,DELISTING (Stock)
027840,KODENSHI,2010/07/14,DELISTING (Stock)
036850,Knowledge*on,2010/07/14,DELISTING (KOSDAQ)
114410,HYUNDAIFOOD,2010/07/16,DELISTING (Stock)
035830,MECCA FORUM,2010/07/16,DELISTING (KOSDAQ)
047710,Acti2O,2010/07/21,DELISTING (KOSDAQ)
011050,KEDCOM,2010/07/22,DELISTING (Stock)
018890,MORARESOURCE,2010/07/22,DELISTING (KOSDAQ)
012580,SHINSEGAE TOMBOY,2010/07/30,DELISTING (Stock)
041550,CERATECH,2010/08/25,DELISTING (KOSDAQ)
058690,Futureinfone,2010/08/26,DELISTING (KOSDAQ)
089240,Neosemitech Corp,2010/09/03,DELISTING (KOSDAQ)
041450,INNET,2010/09/14,DELISTING (KOSDAQ)
033030,GEOMC,2010/09/25,DELISTING (KOSDAQ)
055250,DAHUI,2010/10/01,DELISTING (KOSDAQ)
035400,VSST,2010/10/01,DELISTING (KOSDAQ)
058900,TumiBT,2010/10/12,DELISTING (KOSDAQ)
084160,GOLDEN BRIDGE WM1,2010/10/15,DELISTING (Stock)
013650,Deco,2010/10/19,DELISTING (KOSDAQ)
052970,Olive9,2010/10/20,DELISTING (KOSDAQ)
080410,Dongbuka6,2010/10/25,DELISTING (Stock)
070080,HydrogenPower,2010/11/06,DELISTING (KOSDAQ)
048510,Testech,2010/11/10,DELISTING (KOSDAQ)
044640,Dongbu CNI,2010/11/22,DELISTING (KOSDAQ)
048140,TGE,2010/11/25,DELISTING (KOSDAQ)
078420,DongBuka1,2010/11/29,DELISTING (Stock)
047450,E & Tech,2010/11/30,DELISTING (KOSDAQ)
102000,Turtleship03,2010/12/03,DELISTING (Stock)
101380,Turtleship02,2010/12/03,DELISTING (Stock)
052210,MCTT CORE,2010/12/04,DELISTING (KOSDAQ)
088010,DONGBUKA21,2010/12/28,DELISTING (Stock)
086720,KOCREF 7I,2010/12/29,DELISTING (Stock)
082110,Dongbuka8,2011/01/04,DELISTING (Stock)
094950,GB VIETNAM FUND1,2011/01/05,DELISTING (Stock)
088020,NatureGlobal,2011/01/08,DELISTING (KOSDAQ)
051820,IPS Ltd.,2011/01/14,DELISTING (KOSDAQ)
084450,SESIL,2011/02/10,DELISTING (KOSDAQ)
046240,"SVH co., Ltd.",2011/02/12,DELISTING (KOSDAQ)
009720,HANKUK ELEC GLAS,2011/02/16,DELISTING (Stock)
032380,HandySoft,2011/03/03,DELISTING (KOSDAQ)
037150,CJ Internet,2011/03/22,DELISTING (KOSDAQ)
056200,Mnet Media,2011/03/22,DELISTING (KOSDAQ)
045710,ON*Media,2011/03/22,DELISTING (Stock)
005280,BUSAN BANK,2011/03/30,DELISTING (Stock)
019120,KyungYoon Hydro Ener,2011/04/06,DELISTING (KOSDAQ)
030030,JAD,2011/04/13,DELISTING (KOSDAQ)
048640,M&FC,2011/04/13,DELISTING (KOSDAQ)
043680,Stom EnF,2011/04/13,DELISTING (KOSDAQ)
031990,DaesunShip,2011/04/13,DELISTING (KOSDAQ)
013240,CELRUN,2011/04/15,DELISTING (Stock)
005350,BONGSHIN,2011/04/15,DELISTING (Stock)
060750,Jcom,2011/04/16,DELISTING (KOSDAQ)
032290,alti-elect,2011/04/23,DELISTING (KOSDAQ)
037020,hanwireless,2011/04/23,DELISTING (KOSDAQ)
049690,FORHUMAN,2011/04/23,DELISTING (KOSDAQ)
016160,ORAH BIOTICS,2011/04/26,DELISTING (Stock)
088810,"Maxbro CO., Ltd.",2011/04/29,DELISTING (KOSDAQ)
054150,NEWGEN ICT,2011/04/29,DELISTING (KOSDAQ)
019430,NIC,2011/04/29,DELISTING (KOSDAQ)
017160,SEVEN KOSF,2011/04/29,DELISTING (KOSDAQ)
043630,G&R,2011/04/29,DELISTING (KOSDAQ)
039040,UNITECH,2011/04/29,DELISTING (KOSDAQ)
054170,ENBIGS,2011/04/29,DELISTING (KOSDAQ)
038710,KOLMAR PHARMA,2011/05/07,DELISTING (KOSDAQ)
033850,G-inno,2011/05/07,DELISTING (KOSDAQ)
030420,De Passion,2011/05/07,DELISTING (KOSDAQ)
072530,NM,2011/05/07,DELISTING (KOSDAQ)
014590,TLC Leisure,2011/05/13,DELISTING (Stock)
017170,Hoonyoung,2011/05/13,DELISTING (Stock)
004620,CAMBRIDGE KOLON,2011/05/17,DELISTING (Stock)
005270,iM Bank,2011/06/07,DELISTING (Stock)
031950,Edu-pass,2011/06/09,DELISTING (KOSDAQ)
039350,HepaHope,2011/06/16,DELISTING (KOSDAQ)
052510,ECO Solution,2011/06/16,DELISTING (KOSDAQ)
105380,DASAN REIT,2011/06/24,DELISTING (Stock)
034600,Gloworks,2011/06/29,DELISTING (KOSDAQ)
016510,HYUNDAI DSF,2011/07/18,DELISTING (Stock)
022520,KOLONINET,2011/07/19,DELISTING (KOSDAQ)
050640,EROOM G&G,2011/08/20,DELISTING (KOSDAQ)
036550,ACE DIGITECH,2011/08/22,DELISTING (KOSDAQ)
066340,KSR,2011/09/09,DELISTING (KOSDAQ)
047600,SEGYE TOUR,2011/09/09,DELISTING (KOSDAQ)
023020,TY MAGIC,2011/09/14,DELISTING (KOSDAQ)
036840,Histostem,2011/09/15,DELISTING (KOSDAQ)
052880,Q&S,2011/09/23,DELISTING (KOSDAQ)
081090,C-motech,2011/09/23,DELISTING (KOSDAQ)
103150,THE HITE,2011/09/26,DELISTING (Stock)
054010,SUNPACKTECH,2011/10/06,DELISTING (KOSDAQ)
042870,ECOPETRO,2011/10/06,DELISTING (KOSDAQ)
037700,TOZAI Holdings,2011/10/12,DELISTING (KOSDAQ)
026540,KFVC,2011/10/14,DELISTING (KOSDAQ)
024100,JEILSB,2011/10/14,DELISTING (Stock)
040180,DYG,2011/10/25,DELISTING (KOSDAQ)
037550,Clustar,2011/10/26,DELISTING (KOSDAQ)
950030,NEPRO IT,2011/11/05,DELISTING (KOSDAQ)
052810,AMH,2011/11/22,DELISTING (KOSDAQ)
094520,MAPSVIETNAMFUND1,2011/11/24,DELISTING (Stock)
900020,Cowell,2011/11/26,DELISTING (KOSDAQ)
037540,Nextech,2011/11/26,DELISTING (KOSDAQ)
026220,STC LIFE,2011/11/29,DELISTING (KOSDAQ)
090090,d&shop,2011/12/15,DELISTING (KOSDAQ)
054120,The ChainG,2011/12/15,DELISTING (KOSDAQ)
025970,ALDEX,2011/12/20,DELISTING (KOSDAQ)
061140,LNP,2011/12/28,DELISTING (KOSDAQ)
025340,GTIC,2011/12/28,DELISTING (KOSDAQ)
022520,KOLONINET,2012/01/11,DELISTING (Stock)
032930,Ace & Partners,2012/01/18,DELISTING (KOSDAQ)
061050,GND WINTECH,2012/01/20,DELISTING (KOSDAQ)
046720,NHT,2012/02/01,DELISTING (KOSDAQ)
037380,AONEMICRO,2012/02/01,DELISTING (KOSDAQ)
093820,KOREA OIL 15-1,2012/02/01,DELISTING (Stock)
088960,CTLTEC,2012/02/08,DELISTING (KOSDAQ)
134000,Turtleship No. 7,2012/03/02,DELISTING (Stock)
114140,Turtleship6,2012/03/02,DELISTING (Stock)
114130,Turtleship5,2012/03/02,DELISTING (Stock)
037320,Synopex Green Tech,2012/03/19,DELISTING (KOSDAQ)
056710,Millinet,2012/04/13,DELISTING (KOSDAQ)
089480,PSM,2012/04/13,DELISTING (KOSDAQ)
015390,"L&CP CO.,Ltd",2012/04/13,DELISTING (KOSDAQ)
094700,MISUNGPOLY,2012/04/13,DELISTING (KOSDAQ)
042340,Daekuk,2012/04/13,DELISTING (KOSDAQ)
056010,i-station Corp.,2012/04/13,DELISTING (KOSDAQ)
052350,Core S&I,2012/04/17,DELISTING (KOSDAQ)
002670,MijuSteel,2012/04/17,DELISTING (KOSDAQ)
101790,KR2 Delp. REIT,2012/04/17,DELISTING (Stock)
098150,Korea Asia Pacific,2012/04/23,DELISTING (Stock)
068630,EpiValley,2012/04/24,DELISTING (KOSDAQ)
045470,APRO TECHNOLOGY,2012/04/24,DELISTING (KOSDAQ)
065610,Polyplus,2012/05/01,DELISTING (KOSDAQ)
040740,Ein's M&M,2012/05/01,DELISTING (KOSDAQ)
015200,BnB Sungwon,2012/05/01,DELISTING (KOSDAQ)
066690,Bokwang TS Co.,2012/05/01,DELISTING (KOSDAQ)
050470,CT&T,2012/05/01,DELISTING (KOSDAQ)
053040,BLUEGEM D&C,2012/05/17,DELISTING (KOSDAQ)
001310,POONGLIM IND,2012/05/18,DELISTING (Stock)
108890,Turtleship 04,2012/05/24,DELISTING (Stock)
065310,JHCOS,2012/05/31,DELISTING (KOSDAQ)
037240,Pyeong Ahn Trading,2012/06/01,DELISTING (KOSDAQ)
008540,KB PRODUCE,2012/06/08,DELISTING (Stock)
067130,CLUNET,2012/06/08,DELISTING (KOSDAQ)
012400,Hermesholdings,2012/06/12,DELISTING (Stock)
004550,DAEWOO SD DEVELOPMEN,2012/06/22,DELISTING (Stock)
021060,H.V.C,2012/06/27,DELISTING (KOSDAQ)
000470,GREEN INSURANCE,2012/07/16,DELISTING (Stock)
098400,Enspert,2012/07/24,DELISTING (KOSDAQ)
025610,KOREAMSB,2012/07/25,DELISTING (Stock)
007800,SMSB,2012/07/25,DELISTING (Stock)
045260,D.H FASHION,2012/08/01,DELISTING (KOSDAQ)
105070,KKS,2012/08/14,DELISTING (KOSDAQ)
011800,BAEMYUNG MTL,2012/09/03,DELISTING (Stock)
019260,NKBIO,2012/09/05,DELISTING (KOSDAQ)
038320,Oullim,2012/09/08,DELISTING (KOSDAQ)
033280,Oullim Elses,2012/09/11,DELISTING (KOSDAQ)
007150,DongyangTele,2012/09/11,DELISTING (KOSDAQ)
900030,UNITED TECH,2012/09/14,DELISTING (Stock)
034510,MIC,2012/09/25,DELISTING (KOSDAQ)
050050,UI Energy Corp.,2012/09/26,DELISTING (KOSDAQ)
900150,SHENGLONG INVESTMENT,2012/09/26,DELISTING (KOSDAQ)
071660,SSCP,2012/09/29,DELISTING (KOSDAQ)
016140,Westate,2012/10/12,DELISTING (KOSDAQ)
073130,Insprit,2012/10/12,DELISTING (KOSDAQ)
121910,DWS SPAC,2012/10/15,DELISTING (Stock)
007200,JINHEUNGMSB,2012/10/17,DELISTING (Stock)
016560,SEOULSB,2012/10/17,DELISTING (Stock)
121950,MIRAEASSET SPAC NO.1,2012/10/23,DELISTING (KOSDAQ)
038990,NEXCONTECH,2012/11/01,DELISTING (KOSDAQ)
043890,T-HANVIT,2012/11/01,DELISTING (KOSDAQ)
035210,Tbroad DobongGangbuk,2012/11/01,DELISTING (KOSDAQ)
122290,TY Value SPAC,2012/11/07,DELISTING (Stock)
026870,Ko-one energy servic,2012/11/15,DELISTING (Stock)
048460,ACCURIS,2012/11/16,DELISTING (KOSDAQ)
042820,OULLIM NET,2012/11/17,DELISTING (KOSDAQ)
047730,NETWAVE,2012/11/17,DELISTING (KOSDAQ)
045050,CURIOUS,2012/11/27,DELISTING (KOSDAQ)
046430,R&S Networks,2012/12/05,DELISTING (KOSDAQ)
015110,JOONGANG CONST.,2012/12/11,DELISTING (Stock)
122750,WOORISPAC1,2012/12/21,DELISTING (Stock)
064420,KP CHEMICAL,2013/01/15,DELISTING (Stock)
123160,HiddenChampion 1st,2013/01/18,DELISTING (KOSDAQ)
014300,SJHoldings,2013/01/18,DELISTING (Stock)
004010,LOTTE MIDOPA,2013/01/22,DELISTING (Stock)
009380,ASIA PAPERTEC,2013/01/23,DELISTING (Stock)
007480,DAIHAN EUNPAKGY,2013/01/28,DELISTING (Stock)
038120,AD Motors,2013/01/30,DELISTING (KOSDAQ)
124050,HanwhaSVSPAC,2013/02/15,DELISTING (KOSDAQ)
034010,Tricircle,2013/02/21,DELISTING (KOSDAQ)
031920,SM.S.BANK,2013/02/27,DELISTING (KOSDAQ)
016570,PAC PHARM,2013/03/15,DELISTING (Stock)
123290,Korea SPAC No.1,2013/03/29,DELISTING (KOSDAQ)
123910,SBI&Solomon SPAC,2013/03/29,DELISTING (KOSDAQ)
123550,DAISHIN GROWTH SPAC,2013/03/29,DELISTING (KOSDAQ)
068420,ENTERMEDIA,2013/04/06,DELISTING (KOSDAQ)
099210,Korea Pacific 07,2013/04/10,DELISTING (Stock)
093410,Korea Pacific 06,2013/04/10,DELISTING (Stock)
093400,Korea Pacific 05,2013/04/10,DELISTING (Stock)
066060,HUMANTEC,2013/04/12,DELISTING (KOSDAQ)
026250,SWEMC,2013/04/12,DELISTING (KOSDAQ)
052650,EDD,2013/04/12,DELISTING (KOSDAQ)
006440,HANIL E&C,2013/04/16,DELISTING (Stock)
009280,DAHAAM e-TEC,2013/04/16,DELISTING (Stock)
071530,UABLE,2013/04/23,DELISTING (KOSDAQ)
013780,ACQUTEK,2013/04/23,DELISTING (KOSDAQ)
038720,YOUILENSYS,2013/05/01,DELISTING (KOSDAQ)
009010,EDUENCE,2013/05/01,DELISTING (KOSDAQ)
051710,DS,2013/05/01,DELISTING (KOSDAQ)
046840,FreeTravel,2013/05/01,DELISTING (KOSDAQ)
028090,NEOPURPLE,2013/05/03,DELISTING (KOSDAQ)
003190,RNL BIO,2013/05/03,DELISTING (Stock)
088700,mysco,2013/05/04,DELISTING (KOSDAQ)
033550,LUXON ENERGY,2013/05/07,DELISTING (KOSDAQ)
036920,G&ST,2013/05/07,DELISTING (KOSDAQ)
123300,Bookook Future Stars,2013/06/03,DELISTING (KOSDAQ)
012410,GLOSTECH,2013/06/04,DELISTING (Stock)
900010,3NODDigital,2013/06/05,DELISTING (KOSDAQ)
025920,WOO KYUNG,2013/07/10,DELISTING (KOSDAQ)
073930,XENER,2013/07/12,DELISTING (KOSDAQ)
128910,DongbuTS SPAC,2013/07/15,DELISTING (KOSDAQ)
006350,JEONBUK BK,2013/07/18,DELISTING (Stock)
037630,SBM,2013/07/24,DELISTING (KOSDAQ)
126680,IBKS SPAC No.1,2013/07/29,DELISTING (KOSDAQ)
035450,GIBIO,2013/08/07,DELISTING (KOSDAQ)
080030,Dongbuka2,2013/08/19,DELISTING (Stock)
056810,Withus,2013/09/10,DELISTING (KOSDAQ)
049000,YEDANG,2013/09/10,DELISTING (KOSDAQ)
008080,SY Corporation,2013/09/25,DELISTING (Stock)
950070,ChinaGaoxian,2013/10/04,DELISTING (Stock)
900060,CHINA FOOD PACKAGING,2013/10/11,DELISTING (KOSDAQ)
053320,TeraResource,2014/02/07,DELISTING (KOSDAQ)
080960,Dongbuka3,2014/02/11,DELISTING (Stock)
080970,Dongbuka4,2014/02/18,DELISTING (Stock)
081220,SEMITEQ,2014/03/03,DELISTING (KOSDAQ)
004790,REX-L ENG,2014/03/04,DELISTING (KOSDAQ)
074000,MTEKVISION,2014/03/27,DELISTING (KOSDAQ)
005560,JS Cable,2014/04/10,DELISTING (Stock)
036210,Taesan LCD,2014/04/11,DELISTING (KOSDAQ)
012650,SsangyongE&C,2014/04/11,DELISTING (KOSDAQ)
110310,Moreens,2014/04/11,DELISTING (KOSDAQ)
010670,NanoTronix,2014/04/11,DELISTING (KOSDAQ)
067250,K SHIPBUILDING,2014/04/15,DELISTING (Stock)
010460,FAMCO,2014/04/15,DELISTING (Stock)
080980,Dongbuka5,2014/04/25,DELISTING (Stock)
005900,DONGYANG ENG CONST,2014/04/25,DELISTING (Stock)
002530,BYUCKSAN ENG & CONS,2014/04/25,DELISTING (Stock)
041060,Araontech,2014/05/08,DELISTING (KOSDAQ)
056340,CUELT,2014/05/21,DELISTING (KOSDAQ)
101990,PAVCO,2014/05/21,DELISTING (Stock)
082930,SiliconFile,2014/05/23,DELISTING (KOSDAQ)
080180,AsiaPacific1,2014/07/10,DELISTING (Stock)
001300,CHEIL IND,2014/07/15,DELISTING (Stock)
070480,EverTechno,2014/07/17,DELISTING (KOSDAQ)
110500,uNeedkorea,2014/09/02,DELISTING (KOSDAQ)
046400,DVS,2014/09/02,DELISTING (KOSDAQ)
013340,NEW ASIA,2014/09/02,DELISTING (KOSDAQ)
119250,FGN Reits,2014/10/29,DELISTING (Stock)
139170,Fuelcellpower,2014/10/30,DELISTING (KONEX)
187770,Fantagio,2014/11/10,DELISTING (KONEX)
053000,WOORIFINACEHOLDINGS,2014/11/19,DELISTING (Stock)
081190,ASIA PACIFIC 2,2014/12/18,DELISTING (Stock)
081200,ASIA PACIFIC 3,2014/12/22,DELISTING (Stock)
008720,Samyang Entech,2014/12/30,DELISTING (Stock)
950100,SBIM,2015/01/07,DELISTING (Stock)
081940,ASIA PACIFIC9,2015/01/08,DELISTING (Stock)
090540,KOCREF VIII,2015/01/16,DELISTING (Stock)
003640,UNION STEEL,2015/01/16,DELISTING (Stock)
016420,NHIS,2015/01/20,DELISTING (Stock)
081210,ASIA PASIPIC 4,2015/01/20,DELISTING (Stock)
091690,DIGITECH,2015/01/21,DELISTING (KOSDAQ)
032420,TURBOTEK,2015/01/27,DELISTING (KOSDAQ)
053740,KEK,2015/02/10,DELISTING (KOSDAQ)
081930,ASIA PACIFIC8,2015/02/17,DELISTING (Stock)
000420,ROCKET ELEC,2015/02/24,DELISTING (Stock)
149130,KB-Bookook No.1 Development REIT,2015/03/02,DELISTING (Stock)
082260,ASIA PACIFIC 7,2015/03/13,DELISTING (Stock)
082250,ASIA PACIFIC 6,2015/03/13,DELISTING (Stock)
082240,ASIA PACIFIC 5,2015/03/13,DELISTING (Stock)
004320,ULTRA CON,2015/04/13,DELISTING (KOSDAQ)
000800,KEANGNAM ENT,2015/04/15,DELISTING (Stock)
181980,JAWON MEDICAL,2015/04/15,DELISTING (KONEX)
014350,SHINIL ENG,2015/04/15,DELISTING (Stock)
000360,SAMWHAN,2015/04/15,DELISTING (Stock)
053330,YOUNGJIN Corporation,2015/04/23,DELISTING (KOSDAQ)
179280,Standard Firm,2015/04/30,DELISTING (KONEX)
160350,WEBSOLUS,2015/04/30,DELISTING (KONEX)
065180,HappyDream,2015/05/04,DELISTING (KOSDAQ)
090120,Zalman,2015/05/13,DELISTING (KOSDAQ)
039850,TAECHANG PHAROS,2015/05/19,DELISTING (KOSDAQ)
039530,CNK INTER,2015/05/19,DELISTING (KOSDAQ)
066350,TSM,2015/05/20,DELISTING (KOSDAQ)
192520,Kyongnam Bank,2015/06/23,DELISTING (Stock)
033630,SK broadband,2015/07/01,DELISTING (KOSDAQ)
071930,Ace Hightech,2015/07/10,DELISTING (KOSDAQ)
010520,HYUNDAI HYSCO,2015/07/15,DELISTING (Stock)
040670,WP,2015/07/16,DELISTING (KOSDAQ)
013450,DSHC,2015/07/20,DELISTING (KOSDAQ)
074130,DID,2015/07/23,DELISTING (KOSDAQ)
003600,SK,2015/08/17,DELISTING (Stock)
000830,Samsung C&T,2015/09/15,DELISTING (Stock)
138440,eCoreaReit,2015/09/16,DELISTING (Stock)
068060,KCW,2015/09/18,DELISTING (KOSDAQ)
082220,PREXCO,2015/09/25,DELISTING (KONEX)
053870,GT&T,2015/10/15,DELISTING (KOSDAQ)
121550,KOCREF15CRREIT,2015/10/16,DELISTING (Stock)
950010,PING SHAN TEA,2015/11/05,DELISTING (Stock)
003940,SAMYANG GENEX,2016/01/21,DELISTING (Stock)
111610,SEUNGHWA,2016/01/25,DELISTING (KOSDAQ)
151750,TERATECH,2016/02/23,DELISTING (KONEX)
025850,HANWHA FINE CHEMICAL,2016/03/15,DELISTING (Stock)
065270,FLEXCOM,2016/04/12,DELISTING (KOSDAQ)
063840,NICSTECH,2016/04/12,DELISTING (KONEX)
051310,PLANTEC,2016/04/15,DELISTING (Stock)
158380,SAMMOKKANGUP,2016/04/21,DELISTING (KOSDAQ)
078780,IDS,2016/04/28,DELISTING (KOSDAQ)
086200,JNU GLOBAL,2016/05/09,DELISTING (KOSDAQ)
008900,TEC.Co,2016/05/17,DELISTING (Stock)
008020,KYUNGNAM ENGY,2016/05/19,DELISTING (Stock)
092630,Badaro3,2016/06/13,DELISTING (Stock)
224090,JUNGDAWN,2016/06/29,DELISTING (KONEX)
179440,BGSTEEL,2016/07/07,DELISTING (KONEX)
103650,H&I,2016/07/14,DELISTING (KONEX)
082390,PLA,2016/07/25,DELISTING (KOSDAQ)
207230,DYLNJ,2016/07/26,DELISTING (KONEX)
019300,TAILIM PAPER,2016/08/11,DELISTING (Stock)
025270,BusanTextile,2016/08/18,DELISTING (KOSDAQ)
074150,MJB,2016/09/05,DELISTING (KOSDAQ)
037340,CLinternational,2016/09/08,DELISTING (KOSDAQ)
053810,i-factory,2016/09/19,DELISTING (KOSDAQ)
003450,KB SECURITIES,2016/11/01,DELISTING (Stock)
011720,"Hyundai Paint co.,LTD",2016/11/21,DELISTING (Stock)
185280,Egreen,2016/12/05,DELISTING (KONEX)
222520,Soltworks,2016/12/05,DELISTING (KONEX)
192240,NYCO,2016/12/23,DELISTING (KONEX)
104120,SHINSUNG FA,2017/01/02,DELISTING (Stock)
104110,SHINSUNG ENG,2017/01/02,DELISTING (Stock)
139200,HI GOLD OCEAN 2,2017/01/11,DELISTING (Stock)
068870,LG Life Sciences,2017/01/17,DELISTING (Stock)
144630,CIS,2017/01/20,DELISTING (KONEX)
037620,MIRAE ASSET SEC,2017/01/20,DELISTING (Stock)
060910,PREGEN,2017/02/24,DELISTING (KOSDAQ)
066270,SK Comms,2017/02/27,DELISTING (KOSDAQ)
068150,K&C Global,2017/03/07,DELISTING (KOSDAQ)
117930,HJS,2017/03/07,DELISTING (Stock)
007190,Hansol Artone Paper ,2017/03/15,DELISTING (Stock)
194860,SY Innovation,2017/04/12,DELISTING (KONEX)
052270,WOOJEON,2017/04/13,DELISTING (KOSDAQ)
110570,Nexolon Company,2017/04/17,DELISTING (Stock)
091000,KoreaPacific04,2017/04/25,DELISTING (Stock)
090990,KoreaPacific03,2017/04/25,DELISTING (Stock)
090980,KoreaPacific02,2017/04/25,DELISTING (Stock)
090970,KoreaPacific01,2017/04/25,DELISTING (Stock)
086830,SHINYANG AURACOM,2017/05/08,DELISTING (KOSDAQ)
058370,BNC Company,2017/05/08,DELISTING (KOSDAQ)
036500,SS COMTECH,2017/05/11,DELISTING (KOSDAQ)
204440,DAEWOO SPAC 2,2017/05/29,DELISTING (KOSDAQ)
165270,KUMO HITECH,2017/06/07,DELISTING (KONEX)
083360,DONGBUKA 11th SHIP,2017/06/14,DELISTING (Stock)
083350,DONGBUKANO.10SHIP,2017/06/14,DELISTING (Stock)
083390,DONGBUKA 14th SHIP,2017/06/14,DELISTING (Stock)
083570,ASIA PACIFIC NO.10,2017/06/15,DELISTING (Stock)
083580,ASIA PACIFIC NO.11,2017/06/15,DELISTING (Stock)
083590,ASIA PACIFIC NO.12,2017/06/15,DELISTING (Stock)
083600,ASIA PACIFIC NO.13,2017/06/15,DELISTING (Stock)
204760,Hyundai Able SPAC 1,2017/06/15,DELISTING (KOSDAQ)
083610,ASIA PACIFIC NO.14,2017/06/20,DELISTING (Stock)
004740,BORNEO INT FURN,2017/07/05,DELISTING (Stock)
204650,KTB SPAC 1,2017/07/07,DELISTING (KOSDAQ)
156170,B&S Media,2017/07/13,DELISTING (KONEX)
021960,KB CAPITAL,2017/07/21,DELISTING (Stock)
002550,KB Insurance,2017/07/21,DELISTING (Stock)
900130,WAYPORT,2017/07/25,DELISTING (KOSDAQ)
232360,ASPACOIL,2017/07/25,DELISTING (KONEX)
208870,Hana Must Third SPAC,2017/07/31,DELISTING (KOSDAQ)
083620,ASIA PACIFIC NO.15,2017/07/31,DELISTING (Stock)
204690,DARIN,2017/08/02,DELISTING (KONEX)
005620,DAESUNGGROUP,2017/08/25,DELISTING (Stock)
189700,DPNK,2017/08/31,DELISTING (KONEX)
095300,NSV,2017/09/12,DELISTING (KOSDAQ)
085980,SEWHA P&C,2017/09/19,DELISTING (KONEX)
900050,CHINA OCEAN,2017/09/27,DELISTING (Stock)
061460,Hanjin P&C,2017/09/29,DELISTING (KOSDAQ)
207720,NH SL SPAC,2017/10/16,DELISTING (KOSDAQ)
206660,Goldenbridge SPAC 2,2017/10/20,DELISTING (KOSDAQ)
207930,SK No.1 SPAC,2017/11/06,DELISTING (KOSDAQ)
260490,CAROS,2017/11/29,DELISTING (KONEX)
023430,IE,2017/12/20,DELISTING (KOSDAQ)
232290,SGA SYSTEMS,2017/12/22,DELISTING (KONEX)
215580,DAEWOO SPAC 3,2017/12/26,DELISTING (KOSDAQ)
233190,MILAE RESOURCES ML,2017/12/28,DELISTING (KONEX)
215750,MIRAEASSET No.3 SPAC,2018/01/04,DELISTING (KOSDAQ)
217810,NH SPAC VII,2018/01/19,DELISTING (KOSDAQ)
219580,Goldenbridge SPAC III,2018/02/07,DELISTING (KOSDAQ)
256090,Fashion Platform,2018/02/13,DELISTING (KONEX)
218710,Kiwoom No.3 SPAC,2018/02/14,DELISTING (KOSDAQ)
219960,Yuanta 2 SPAC,2018/02/23,DELISTING (KOSDAQ)
219860,HA SPAC 2,2018/03/02,DELISTING (KOSDAQ)
039790,WINNOVA,2018/03/09,DELISTING (KOSDAQ)
222390,KB No.8 SPAC,2018/03/13,DELISTING (KOSDAQ)
051170,Suncore,2018/03/15,DELISTING (KOSDAQ)
008000,Toray Chemical Korea(TCK),2018/03/20,DELISTING (Stock)
199870,Battery-Solutions,2018/03/28,DELISTING (KONEX)
221950,KB 3rd SPAC,2018/03/30,DELISTING (KOSDAQ)
223040,Kyobo 5 SPAC,2018/03/30,DELISTING (KOSDAQ)
221200,EUGENE SPAC III,2018/04/17,DELISTING (KOSDAQ)
091270,UDP,2018/04/18,DELISTING (KONEX)
252940,SMROBOTICS,2018/04/25,DELISTING (KONEX)
099830,SEG,2018/05/04,DELISTING (KOSDAQ)
087220,SFC,2018/05/08,DELISTING (KOSDAQ)
235090,TAEKYUNG PNS,2018/05/09,DELISTING (KONEX)
246830,SCENM,2018/05/14,DELISTING (KONEX)
900180,WANLI,2018/05/23,DELISTING (KOSDAQ)
225440,EBEST SPAC3,2018/05/28,DELISTING (KOSDAQ)
226850,Kiwoom No.4 SPAC,2018/06/05,DELISTING (KOSDAQ)
099660,SEEN TEC,2018/07/09,DELISTING (KOSDAQ)
024660,HARIM HOLDINGS,2018/07/16,DELISTING (KOSDAQ)
090730,SIMPAC Metal,2018/07/17,DELISTING (KOSDAQ)
130960,CJ E&M,2018/07/18,DELISTING (KOSDAQ)
230490,DONGBU SPAC IV,2018/07/26,DELISTING (KOSDAQ)
144740,PMD Academy,2018/08/07,DELISTING (KONEX)
043580,Aimhigh,2018/08/10,DELISTING (KOSDAQ)
138290,ZISUNG,2018/08/22,DELISTING (KONEX)
251540,SYJ,2018/09/07,DELISTING (KONEX)
062580,INSAN,2018/09/11,DELISTING (KONEX)
016170,Kakao M,2018/09/18,DELISTING (KOSDAQ)
237720,KM PHARMACY,2018/09/28,DELISTING (KONEX)
005980,SUNGJEE CONST,2018/10/04,DELISTING (Stock)
032040,C&S ASSET MANAGEMENT,2018/10/11,DELISTING (KOSDAQ)
052290,TRAIS,2018/10/11,DELISTING (KOSDAQ)
026260,WINERGYS,2018/10/11,DELISTING (KOSDAQ)
110660,SESHIN BUFFALO,2018/10/11,DELISTING (KONEX)
047440,RAYGEN,2018/10/11,DELISTING (KOSDAQ)
081970,NexG,2018/10/11,DELISTING (KOSDAQ)
235010,HI AI 1 SPAC,2018/10/12,DELISTING (KOSDAQ)
232270,KB No.9 SPAC,2018/10/12,DELISTING (KOSDAQ)
155960,GD,2018/10/12,DELISTING (KOSDAQ)
194610,WOOSUNG  I.B.,2018/10/12,DELISTING (KOSDAQ)
192530,Kwangju Bank,2018/10/26,DELISTING (Stock)
242420,BONNE,2018/10/29,DELISTING (KONEX)
272420,KDA,2018/11/15,DELISTING (KONEX)
167380,NAMU TECH,2018/12/11,DELISTING (KONEX)
002000,HANKUK GLAS,2018/12/13,DELISTING (Stock)
004130,DAEDUCK GDS,2018/12/19,DELISTING (Stock)
900090,China Hao Ran,2019/01/02,DELISTING (KOSDAQ)
240540,Korea No.4 SPAC,2019/01/29,DELISTING (KOSDAQ)
000030,Woori Bank,2019/02/13,DELISTING (Stock)
123100,WONIK TERA SEMICON,2019/02/20,DELISTING (KOSDAQ)
245030,SPACE,2019/02/27,DELISTING (KONEX)
250300,JSPV,2019/03/04,DELISTING (KONEX)
065160,FT EnE,2019/05/03,DELISTING (KOSDAQ)
140890,TRUS Y 7 REIT,2019/05/07,DELISTING (Stock)
002250,ALVOGEN KOREA,2019/05/20,DELISTING (Stock)
242850,YOUNG HYUN TRADING,2019/05/22,DELISTING (KONEX)
229480,ZUM internet,2019/06/10,DELISTING (KONEX)
079660,SJ HP,2019/06/26,DELISTING (Stock)
262760,NKMAX,2019/07/04,DELISTING (KONEX)
221670,JUNO COLLECTION,2019/07/16,DELISTING (KONEX)
176560,POINTENG,2019/07/16,DELISTING (KONEX)
026180,HIT,2019/07/17,DELISTING (KOSDAQ)
232330,SK NO.3 SPAC,2019/08/30,DELISTING (KOSDAQ)
225650,Cuchen,2019/09/16,DELISTING (KOSDAQ)
271400,ALOYS,2019/10/01,DELISTING (KONEX)
257730,Shinhan 3rd SPAC,2019/10/01,DELISTING (KOSDAQ)
135270,Sejong Materials ,2019/10/02,DELISTING (KONEX)
262830,Daishin Balance ,2019/10/10,DELISTING (KOSDAQ)
230400,XAVIS,2019/11/15,DELISTING (KONEX)
017680,DECO&E,2019/11/20,DELISTING (KOSDAQ)
226610,BNC Korea,2019/12/03,DELISTING (KONEX)
247300,INFRAWARE TECHNOLOGY,2019/12/06,DELISTING (KONEX)
264290,HA SPAC 3RD,2019/12/06,DELISTING (KOSDAQ)
035480,J-tech,2019/12/12,DELISTING (KOSDAQ)
122050,IL SCIENCE,2019/12/27,DELISTING (KONEX)
210610,SOFTCAMP,2019/12/30,DELISTING (KONEX)
265480,MIRAE ASSET DAEWOO SPAC 1,2020/01/03,DELISTING (KOSDAQ)
265920,Hanwha Susung SPAC,2020/01/15,DELISTING (KOSDAQ)
077280,HancomGMD,2020/01/16,DELISTING (KOSDAQ)
122800,SUNTECH,2020/02/12,DELISTING (KOSDAQ)
079440,Orange Life,2020/02/14,DELISTING (Stock)
252370,YOUCEL,2020/02/27,DELISTING (KONEX)
311840,DAEWON WOOL TEXTILE,2020/02/27,DELISTING (KONEX)
271740,Korea No.5 SPAC,2020/03/03,DELISTING (KOSDAQ)
011160,Doosanenc,2020/03/24,DELISTING (Stock)
220110,Dream T,2020/04/10,DELISTING (KONEX)
123260,PineNex,2020/04/10,DELISTING (KOSDAQ)
027390,HGTC,2020/04/16,DELISTING (Stock)
159650,HI GOLD KMARIN NO.8,2020/04/27,DELISTING (Stock)
083380,DONGBUKA 13th SHIP,2020/05/04,DELISTING (Stock)
189540,ctn,2020/05/12,DELISTING (KONEX)
205290,KMI,2020/05/13,DELISTING (KONEX)
197210,LEED,2020/05/14,DELISTING (KOSDAQ)
054340,P&TEL,2020/05/21,DELISTING (KOSDAQ)
030270,SMARK,2020/05/21,DELISTING (KOSDAQ)
900040,CGS,2020/05/22,DELISTING (KOSDAQ)
094190,ELK,2020/05/22,DELISTING (KOSDAQ)
103130,WoongjinEnergy,2020/06/01,DELISTING (Stock)
220250,KAINOSMED,2020/06/08,DELISTING (KONEX)
183350,LPK,2020/06/17,DELISTING (KONEX)
276920,IBKS No.7 SPAC,2020/06/18,DELISTING (KOSDAQ)
083370,DONGBUKA 12th SHIP,2020/06/23,DELISTING (Stock)
112240,SFC,2020/06/30,DELISTING (KOSDAQ)
005450,SHINHAN ENG & CONST,2020/06/30,DELISTING (Stock)
099350,HANA NICKEL 2,2020/07/01,DELISTING (Stock)
099340,HANA NICKEL 1,2020/07/01,DELISTING (Stock)
134780,HJIN,2020/07/02,DELISTING (KOSDAQ)
279410,HA SPAC 4,2020/07/03,DELISTING (KOSDAQ)
149940,Moda,2020/07/10,DELISTING (KOSDAQ)
002300,HANKUK PAPR MFG,2020/07/13,DELISTING (Stock)
108790,Interpark,2020/07/16,DELISTING (KOSDAQ)
004200,KOR DEV,2020/07/21,DELISTING (Stock)
281410,Korea No.6 SPAC,2020/07/27,DELISTING (KOSDAQ)
065940,BIOVILL ,2020/07/31,DELISTING (KOSDAQ)
228180,TCM BIOSCIENCES,2020/08/07,DELISTING (KONEX)
204990,KS Bio,2020/08/11,DELISTING (KOSDAQ)
277480,Shinhan 4th SPAC,2020/08/20,DELISTING (KOSDAQ)
194510,PATI Games,2020/09/09,DELISTING (KOSDAQ)
271780,BNF,2020/11/05,DELISTING (KONEX)
152330,KOREA AUTOGLASS,2020/12/18,DELISTING (Stock)
057500,SK enpulse,2020/12/23,DELISTING (KOSDAQ)
251960,MFM KOREA,2020/12/30,DELISTING (KONEX)
284610,TS Trillion,2020/12/30,DELISTING (KONEX)
291210,Korea No.7 SPAC,2021/01/15,DELISTING (KOSDAQ)
241510,ES INDUSTRY,2021/01/26,DELISTING (KONEX)
278380,Wonbiogen,2021/02/09,DELISTING (KONEX)
036260,IMAGINE ASIA,2021/02/15,DELISTING (KOSDAQ)
028040,MIRAE SCI,2021/04/13,DELISTING (KOSDAQ)
329050,GOOSE & HOME,2021/04/13,DELISTING (KONEX)
005190,DONGSUNG CHEM,2021/04/16,DELISTING (Stock)
023890,HANKOOK ATLASBX,2021/04/19,DELISTING (KOSDAQ)
102210,HD,2021/04/19,DELISTING (KOSDAQ)
120780,JEONWOO,2021/05/06,DELISTING (KONEX)
224880,SGA CloudService,2021/05/06,DELISTING (KONEX)
073070,APAM CORP.,2021/06/04,DELISTING (KOSDAQ)
008800,HAENGNAM INC.,2021/06/07,DELISTING (KOSDAQ)
195440,Fusion,2021/06/10,DELISTING (KOSDAQ)
226350,IMTECH,2021/06/11,DELISTING (KOSDAQ)
900080,S&C Engine,2021/06/14,DELISTING (KOSDAQ)
307160,HANAMUST6SPAC,2021/07/08,DELISTING (KOSDAQ)
307070,SK ACPC NO.4 SPAC,2021/07/13,DELISTING (KOSDAQ)
028150,GSHS,2021/07/16,DELISTING (KOSDAQ)
043290,K-MAC,2021/07/20,DELISTING (KOSDAQ)
284420,Hurum,2021/07/27,DELISTING (KONEX)
311270,Kiwoom No.5 SPAC,2021/08/02,DELISTING (KOSDAQ)
065620,JENAX,2021/08/09,DELISTING (KOSDAQ)
033600,LUXL,2021/08/11,DELISTING (KOSDAQ)
038160,PAXNET,2021/08/23,DELISTING (KOSDAQ)
033660,WOORI FINANCIAL CAPITAL,2021/08/27,DELISTING (Stock)
086250,HWASHINTECH,2021/08/31,DELISTING (KOSDAQ)
354230,foxSoft,2021/09/01,DELISTING (KONEX)
033430,DST,2021/09/02,DELISTING (KOSDAQ)
080440,SJK,2021/09/13,DELISTING (KOSDAQ)
141070,MAXROTEC,2021/09/16,DELISTING (KOSDAQ)
310840,NH SPAC 13,2021/09/23,DELISTING (KOSDAQ)
111820,G.U.ON,2021/09/30,DELISTING (KOSDAQ)
213090,MIRAE TECH,2021/10/05,DELISTING (KOSDAQ)
039230,AIBIT,2021/10/06,DELISTING (KOSDAQ)
087730,EM Networks,2021/10/08,DELISTING (KOSDAQ)
033110,CS,2021/10/08,DELISTING (KOSDAQ)
317030,KB No.17 SPAC,2021/11/04,DELISTING (KOSDAQ)
144620,KOLON MATERIALS,2021/11/05,DELISTING (Stock)
031390,GREEN CROSS CELL,2021/11/17,DELISTING (KOSDAQ)
086080,DiNonA,2021/11/22,DELISTING (KONEX)
317320,HANWHA SBI SPAC,2021/12/07,DELISTING (KOSDAQ)
313750,Yuanta SPAC IV,2021/12/07,DELISTING (KOSDAQ)
158300,SAT,2021/12/09,DELISTING (KONEX)
045890,GV,2021/12/20,DELISTING (KOSDAQ)
036490,SK Materials,2021/12/27,DELISTING (KOSDAQ)
172580,HI GOLD NO.12,2022/01/03,DELISTING (Stock)
221610,JAANHBIO,2022/01/05,DELISTING (KOSDAQ)
101060,SBS Media Holdings,2022/01/18,DELISTING (Stock)
015350,BUSAN CTY GAS,2022/01/18,DELISTING (Stock)
323940,KB No.18 SPAC,2022/02/04,DELISTING (KOSDAQ)
323210,Ebest Ian SPAC 1,2022/02/17,DELISTING (KOSDAQ)
007630,POLUS BioPharm,2022/02/22,DELISTING (Stock)
114570,G-SMATT GLOBAL ,2022/02/23,DELISTING (KOSDAQ)
327970,KAREROOM MEDICAL EQUIPMENT,2022/03/11,DELISTING (KONEX)
225330,CMS Edu,2022/03/17,DELISTING (KOSDAQ)
138250,NS Shopping,2022/03/22,DELISTING (Stock)
329560,Sangsangin Ian SPAC II,2022/04/04,DELISTING (KOSDAQ)
066110,HANP,2022/04/06,DELISTING (KOSDAQ)
153360,Hi Gold No.3,2022/04/11,DELISTING (Stock)
270020,21store,2022/04/14,DELISTING (KONEX)
041140,Nexon GT,2022/04/15,DELISTING (KOSDAQ)
039670,Sports Seoul,2022/04/20,DELISTING (KOSDAQ)
053660,HYUNJIN,2022/04/26,DELISTING (KOSDAQ)
225860,M&C Life Science,2022/04/27,DELISTING (KONEX)
225850,Miev,2022/04/27,DELISTING (KONEX)
330990,KB No.19 SPAC,2022/05/09,DELISTING (KOSDAQ)
240340,Interkos,2022/05/17,DELISTING (KONEX)
950180,SNK,2022/05/18,DELISTING (KOSDAQ)
052190,SEYOUNG D&C,2022/05/27,DELISTING (KOSDAQ)
220630,MOM'S TOUCH,2022/05/31,DELISTING (KOSDAQ)
050320,SH&L,2022/05/31,DELISTING (KOSDAQ)
309900,TTC Defence,2022/06/16,DELISTING (KONEX)
176440,HNT,2022/06/27,DELISTING (KOSDAQ)
216280,WON TECH,2022/06/30,DELISTING (KONEX)
002270,LOTTE FOOD,2022/07/20,DELISTING (Stock)
340120,HI-5 SPAC,2022/07/28,DELISTING (KOSDAQ)
053110,SORIBADA,2022/09/07,DELISTING (KOSDAQ)
127160,MM,2022/09/22,DELISTING (KOSDAQ)
332710,HANA14SPAC,2022/09/26,DELISTING (KOSDAQ)
046110,HANIL NETWORKS,2022/10/05,DELISTING (KOSDAQ)
182690,TerraSem,2022/10/17,DELISTING (KOSDAQ)
090740,YOUNYI B&T,2022/10/17,DELISTING (KOSDAQ)
337450,SK NO.5 SPAC,2022/10/18,DELISTING (KOSDAQ)
340350,SK NO.6 SPAC,2022/10/18,DELISTING (KOSDAQ)
126870,NEUROS,2022/10/26,DELISTING (KOSDAQ)
347140,CAPE-ES No.4 SPAC,2022/10/31,DELISTING (KOSDAQ)
060300,REDROVER,2022/11/04,DELISTING (KOSDAQ)
158310,Charmzone Global,2022/11/09,DELISTING (KOSDAQ)
131390,WONIK PNE,2022/11/29,DELISTING (KOSDAQ)
367460,Yuanta SPAC 7,2022/12/08,DELISTING (KOSDAQ)
290510,KOREACENTER,2022/12/16,DELISTING (KOSDAQ)
217600,CHEMON,2022/12/16,DELISTING (KOSDAQ)
341160,HANA15SPAC,2022/12/23,DELISTING (KOSDAQ)
349720,Ebest No 5 SPAC,2022/12/26,DELISTING (KOSDAQ)
329020,Ocean Stone,2022/12/27,DELISTING (KONEX)
342550,KB No.20 SPAC,2022/12/29,DELISTING (KOSDAQ)
064510,UNECO,2023/01/17,DELISTING (KOSDAQ)
096300,VIETNAM DEVELOP1,2023/02/02,DELISTING (Stock)
344050,SHT-6 SPAC,2023/02/17,DELISTING (KOSDAQ)
000060,Meritz Insurance,2023/02/21,DELISTING (Stock)
351340,IBKS No.13 SPAC,2023/02/21,DELISTING (KOSDAQ)
343510,Hana16SPAC,2023/03/02,DELISTING (KOSDAQ)
397500,DaishinBalanceNo.11,2023/03/09,DELISTING (KOSDAQ)
353070,HMCIB No.4 SPAC,2023/03/10,DELISTING (KOSDAQ)
387310,DaishinBalanceNo.10,2023/03/16,DELISTING (KOSDAQ)
056000,COWON PLAY,2023/03/30,DELISTING (KOSDAQ)
267810,ANTZ,2023/04/04,DELISTING (KONEX)
271850,DIOGENE,2023/04/12,DELISTING (KONEX)
058420,J way,2023/04/14,DELISTING (KOSDAQ)
267060,MJ Holdings,2023/04/18,DELISTING (KONEX)
426670,DaishinBalanceNo.12,2023/04/20,DELISTING (KOSDAQ)
215050,B&D Life Health ,2023/04/21,DELISTING (KONEX)
008560,MERITZ SECU,2023/04/25,DELISTING (Stock)
396770,NH SPAC 22,2023/04/28,DELISTING (KOSDAQ)
135160,MSGOC,2023/05/02,DELISTING (KONEX)
050540,MPC plus,2023/05/08,DELISTING (KOSDAQ)
140290,CHUNGKWANG CONSTRUCTION,2023/05/08,DELISTING (KONEX)
353490,MIRAE ASSET DW SPAC 5,2023/05/17,DELISTING (KOSDAQ)
388220,Hana19SPAC,2023/05/23,DELISTING (KOSDAQ)
285770,Life Science Technology,2023/06/12,DELISTING (KONEX)
281310,BIOSYNECTICS,2023/06/12,DELISTING (KONEX)
367340,DB Finance No.8 SPAC,2023/07/17,DELISTING (KOSDAQ)
096640,MELFAS,2023/07/17,DELISTING (KOSDAQ)
078650,G9pharma,2023/07/21,DELISTING (KOSDAQ)
348840,Daydream,2023/08/10,DELISTING (KONEX)
048260,OSSTEMIMPLANT,2023/08/14,DELISTING (KOSDAQ)
010050,WIB,2023/08/28,DELISTING (Stock)
298870,Woori Venture Partners,2023/08/28,DELISTING (KOSDAQ)
409570,Korea No.10 SPAC,2023/08/31,DELISTING (KOSDAQ)
367480,Yuanta SPAC 8,2023/09/08,DELISTING (KOSDAQ)
242350,PNI,2023/09/18,DELISTING (KONEX)
366330,Shinhan 7th SPAC,2023/09/18,DELISTING (KOSDAQ)
400560,HANA20SPAC,2023/09/19,DELISTING (KOSDAQ)
353060,HMCIB NO.5 SPAC,2023/09/22,DELISTING (KOSDAQ)
069110,COSON,2023/10/20,DELISTING (KOSDAQ)
085370,Lutronic,2023/10/27,DELISTING (KOSDAQ)
440200,KB No.23 SPAC,2023/11/03,DELISTING (KOSDAQ)
405350,IBKS No. 17 SPAC,2023/11/03,DELISTING (KOSDAQ)
015540,EcoVive,2023/11/07,DELISTING (Stock)
155900,Badaro19,2023/11/24,DELISTING (Stock)
367360,DB Finance No.9 SPAC,2023/11/24,DELISTING (KOSDAQ)
138690,LIS,2023/12/06,DELISTING (KOSDAQ)
373340,EUGENE SPAC VI,2023/12/13,DELISTING (KOSDAQ)
046140,SBS Contents Hub,2023/12/18,DELISTING (KOSDAQ)
450410,NH SPAC 28,2023/12/21,DELISTING (KOSDAQ)
377630,SAMSUNG SPAC ,2023/12/27,DELISTING (KOSDAQ)
380440,NH SPAC 19,2024/01/02,DELISTING (Stock)
141020,DSNL,2024/01/03,DELISTING (KOSDAQ)
404950,DB FinanceNo.10 SPAC,2024/01/04,DELISTING (KOSDAQ)
091990,Celltrion Healthcare,2024/01/12,DELISTING (KOSDAQ)
380320,SAMSUNG MUST SPAC V,2024/01/23,DELISTING (KOSDAQ)
377400,HI-6 SPAC,2024/01/25,DELISTING (KOSDAQ)
068400,SK RENT A CAR,2024/01/31,DELISTING (Stock)
427950,Hana23SPAC,2024/02/01,DELISTING (KOSDAQ)
114120,CrucialTec,2024/02/15,DELISTING (KOSDAQ)
426550,IBKS No.19 SPAC,2024/02/15,DELISTING (KOSDAQ)
372290,Hana Must Seven SPAC,2024/02/19,DELISTING (KOSDAQ)
183410,GolfzonDeca,2024/02/22,DELISTING (KONEX)
001880,DL Con,2024/03/04,DELISTING (Stock)
115960,YONWOO,2024/03/06,DELISTING (KOSDAQ)
150440,Finotek,2024/03/21,DELISTING (KONEX)
397880,Kyobo 11 SPAC,2024/03/25,DELISTING (KOSDAQ)
224020,SKCS,2024/03/29,DELISTING (KONEX)
248020,ZAM,2024/04/05,DELISTING (KONEX)
419270,SHT-7 SPAC,2024/04/25,DELISTING (KOSDAQ)
322190,VERNE,2024/04/25,DELISTING (KONEX)
393360,Shinhan 8th SPAC,2024/04/30,DELISTING (KOSDAQ)
058220,ARION,2024/05/03,DELISTING (KOSDAQ)
436530,KB No.22 SPAC,2024/05/03,DELISTING (KOSDAQ)
391060,NH SPAC 20,2024/05/14,DELISTING (KOSDAQ)
148140,BDI,2024/06/07,DELISTING (KOSDAQ)
405640,Shinhan 9th SPAC,2024/06/11,DELISTING (KOSDAQ)
161570,THE MIDONG,2024/06/17,DELISTING (KOSDAQ)
386580,HANWHAPLUSNO2SPAC,2024/06/17,DELISTING (KOSDAQ)
163430,DPECO,2024/06/18,DELISTING (KONEX)
006580,DaeyangPaper,2024/06/21,DELISTING (KOSDAQ)
058530,PANACEA,2024/06/25,DELISTING (KOSDAQ)
388800,Eugene SPAC VII,2024/07/02,DELISTING (KOSDAQ)
003410,SSANGYONGCNE,2024/07/09,DELISTING (Stock)
181340,isMedia,2024/07/10,DELISTING (KOSDAQ)
136510,Smart Solutions,2024/07/25,DELISTING (KOSDAQ)
400840,HI-7 SPAC,2024/07/26,DELISTING (KOSDAQ)
065560,Nokwon C & I,2024/07/29,DELISTING (KOSDAQ)
299670,SMVINA,2024/08/16,DELISTING (KONEX)
258250,CGT,2024/08/30,DELISTING (KONEX)
430230,Hana24SPAC,2024/09/03,DELISTING (KOSDAQ)
089530,AT semicon,2024/09/06,DELISTING (KOSDAQ)
119860,Connectwave,2024/09/24,DELISTING (KOSDAQ)
436610,Korea No.11 SPAC,2024/09/27,DELISTING (KOSDAQ)
286000,CNT Dream,2024/10/07,DELISTING (KONEX)
282690,DONG AH TIRE,2024/10/08,DELISTING (Stock)
164060,ILOODA,2024/10/22,DELISTING (KOSDAQ)
263540,Earth & Aerospace,2024/11/06,DELISTING (KOSDAQ)
287410,Jeisys Medical,2024/11/07,DELISTING (KOSDAQ)
062860,TLi,2024/11/14,DELISTING (KOSDAQ)
421800,Kyobo 12 SPAC,2024/11/19,DELISTING (KOSDAQ)
438220,DaishinBalance No.13 SPAC,2024/11/20,DELISTING (KOSDAQ)
138580,BusinessOn,2024/11/22,DELISTING (KOSDAQ)
415580,Sangsangin SPAC III,2024/12/04,DELISTING (KOSDAQ)
115390,L&L,2024/12/09,DELISTING (Stock)
419700,EVPS,2024/12/12,DELISTING (KONEX)
430460,HANWHAPLUSNO3SPAC,2024/12/13,DELISTING (KOSDAQ)
418170,HANA22SPAC,2024/12/19,DELISTING (KOSDAQ)
080000,SNU,2024/12/20,DELISTING (KOSDAQ)
214310,SL Energy,2024/12/23,DELISTING (KOSDAQ)
406760,Hana21SPAC,2024/12/26,DELISTING (KOSDAQ)
900280,Golden Century,2025/01/08,DELISTING (KOSDAQ)
412930,MIRAE ASSET VISION SPAC 1,2025/01/21,DELISTING (KOSDAQ)
424140,KB No.21 SPAC,2025/02/04,DELISTING (KOSDAQ)
422040,NH SPAC 23,2025/02/10,DELISTING (KOSDAQ)
425290,SAMSUNG SPAC VI,2025/02/11,DELISTING (KOSDAQ)
160600,EQUIPMENTS CELL,2025/02/14,DELISTING (KOSDAQ)
299910,Anic,2025/02/14,DELISTING (KOSDAQ)
078940,QUANTAPIA,2025/02/19,DELISTING (KOSDAQ)
376190,LB Lusem,2025/02/21,DELISTING (KOSDAQ)
034300,Shinsegae E&C,2025/02/24,DELISTING (Stock)
446600,KaiBioTech,2025/02/25,DELISTING (KONEX)
413600,Kiwoom No. 6 SPAC,2025/02/28,DELISTING (KOSDAQ)
433530,Kiwoom No.7 SPAC,2025/03/07,DELISTING (KOSDAQ)
268600,Cellivery,2025/03/07,DELISTING (KOSDAQ)
430700,Yuanta SPAC 9,2025/03/17,DELISTING (KOSDAQ)
038340,MIT,2025/03/28,DELISTING (KOSDAQ)
458320,KB No.26 SPAC,2025/03/28,DELISTING (KOSDAQ)
214870,HanulBnC,2025/03/31,DELISTING (KOSDAQ)
168490,KIM PARALLEL OIL,2025/04/01,DELISTING (Stock)
418210,Shinhan 10th SPAC,2025/04/04,DELISTING (KOSDAQ)
477530,Korea No.14 SPAC,2025/04/29,DELISTING (KOSDAQ)
258540,SL Therapeutics,2025/05/07,DELISTING (KONEX)
435380,Yuanta SPAC 10,2025/05/14,DELISTING (KOSDAQ)
457390,DaishinBalanceNo.15 SPAC,2025/05/15,DELISTING (KOSDAQ)
435870,SKS No.8 SPAC,2025/05/16,DELISTING (KOSDAQ)
456440,DB Finance No.11 SPAC,2025/05/16,DELISTING (KOSDAQ)
435620,Hana25SPAC,2025/05/26,DELISTING (KOSDAQ)
437780,NH SPAC 24,2025/05/26,DELISTING (KOSDAQ)
283100,Novomics,2025/05/28,DELISTING (KONEX)
439730,IBKS No.20 SPAC,2025/06/02,DELISTING (KOSDAQ)
439250,SAMSUNG SPAC VII,2025/06/02,DELISTING (KOSDAQ)
438580,NH SPAC 25,2025/06/11,DELISTING (KOSDAQ)
029960,KOENTEC,2025/06/16,DELISTING (KOSDAQ)
468510,SAMSUNG SPAC IX,2025/06/17,DELISTING (KOSDAQ)
072520,GenNBio,2025/06/18,DELISTING (KOSDAQ)
071460,WINIA,2025/06/18,DELISTING (KOSDAQ)
226440,HANSONGNEOTECH,2025/06/19,DELISTING (KOSDAQ)
323230,MFM KOREA,2025/06/19,DELISTING (KOSDAQ)
439410,NHSPAC26,2025/07/08,DELISTING (KOSDAQ)
442130,EUGENE SPAC IX,2025/07/09,DELISTING (KOSDAQ)
476470,KB No.28 SPAC,2025/07/09,DELISTING (KOSDAQ)
442310,DaishinBalanceNo.14 SPAC,2025/07/11,DELISTING (KOSDAQ)
440790,Kyobo 13 SPAC,2025/07/11,DELISTING (KOSDAQ)
023460,CNH,2025/07/14,DELISTING (KOSDAQ)
440820,NHSPAC27,2025/07/21,DELISTING (KOSDAQ)
950110,SBI FinTech Solutions,2025/07/24,DELISTING (KOSDAQ)
445360,BNK SPAC 1,2025/07/28,DELISTING (KOSDAQ)
049770,DONGWON F & B,2025/07/31,DELISTING (Stock)
445970,SHT-9 SPAC,2025/08/01,DELISTING (KOSDAQ)
289860,GITSN,2025/08/14,DELISTING (KONEX)
086460,Cur,2025/08/19,DELISTING (KONEX)
044060,JOKWANG ILI,2025/08/21,DELISTING (KOSDAQ)
290380,DAEYU,2025/08/21,DELISTING (KOSDAQ)
430220,SHT-8 SPAC,2025/08/22,DELISTING (KOSDAQ)
019590,SUNP,2025/09/08,DELISTING (KOSDAQ)
446190,MAV SPAC 2,2025/09/09,DELISTING (KOSDAQ)
096040,E-TRON,2025/09/10,DELISTING (KOSDAQ)
024810,E.T.I,2025/09/10,DELISTING (KOSDAQ)
